{
    "total_runtime": 61.541834115982056,
    "num_documents": 30,
    "input_load_time": 0,
    "workflows": {
        "create_base_text_units": {
            "overall": 0.19842314720153809,
            "0_orderby": 0.0019321441650390625,
            "1_zip": 0.001981019973754883,
            "2_aggregate_override": 0.0034835338592529297,
            "3_chunk": 0.16275596618652344,
            "4_select": 0.0028104782104492188,
            "5_unroll": 0.003549337387084961,
            "6_rename": 0.002207517623901367,
            "7_genid": 0.00391387939453125,
            "8_unzip": 0.002783060073852539,
            "9_copy": 0.002388477325439453,
            "10_filter": 0.008795738220214844
        },
        "create_base_extracted_entities": {
            "overall": 0.1539313793182373,
            "0_entity_extract": 0.10403680801391602,
            "1_snapshot": 0.010847091674804688,
            "2_merge_graphs": 0.03095269203186035,
            "3_snapshot_rows": 0.005107879638671875
        },
        "create_summarized_entities": {
            "overall": 0.21013379096984863,
            "0_summarize_descriptions": 0.20009088516235352,
            "1_snapshot_rows": 0.005954742431640625
        },
        "create_base_entity_graph": {
            "overall": 2.249181032180786,
            "0_cluster_graph": 0.12044954299926758,
            "1_snapshot_rows": 0.009610891342163086,
            "2_embed_graph": 2.0926733016967773,
            "3_snapshot_rows": 0.012251615524291992,
            "4_select": 0.010138750076293945
        },
        "create_final_entities": {
            "overall": 1.4964337348937988,
            "0_unpack_graph": 0.045438289642333984,
            "1_rename": 0.005139827728271484,
            "2_select": 0.005005359649658203,
            "3_dedupe": 0.0052416324615478516,
            "4_rename": 0.005058765411376953,
            "5_filter": 0.01394343376159668,
            "6_text_split": 0.013476848602294922,
            "7_drop": 0.006199836730957031,
            "8_merge": 0.03848719596862793,
            "9_text_embed": 1.322767734527588,
            "10_drop": 0.013060808181762695,
            "11_filter": 0.017345666885375977
        },
        "create_final_nodes": {
            "overall": 9.193696737289429,
            "0_layout_graph": 8.73931336402893,
            "1_unpack_graph": 0.06110429763793945,
            "2_unpack_graph": 0.27492475509643555,
            "3_filter": 0.034192562103271484,
            "4_drop": 0.007096529006958008,
            "5_select": 0.006919384002685547,
            "6_snapshot": 0.008127212524414062,
            "7_rename": 0.0071375370025634766,
            "8_join": 0.01217341423034668,
            "9_convert": 0.027964115142822266,
            "10_rename": 0.007809877395629883
        },
        "create_final_communities": {
            "overall": 0.3498547077178955,
            "0_unpack_graph": 0.05527329444885254,
            "1_unpack_graph": 0.05322408676147461,
            "2_aggregate_override": 0.010198831558227539,
            "3_join": 0.01600480079650879,
            "4_join": 0.015774250030517578,
            "5_concat": 0.008926153182983398,
            "6_filter": 0.08767318725585938,
            "7_aggregate_override": 0.013467550277709961,
            "8_join": 0.012955904006958008,
            "9_filter": 0.023694276809692383,
            "10_fill": 0.009171724319458008,
            "11_merge": 0.01459050178527832,
            "12_copy": 0.009300947189331055,
            "13_select": 0.009473323822021484
        },
        "join_text_units_to_entity_ids": {
            "overall": 0.04342031478881836,
            "0_select": 0.00986480712890625,
            "1_unroll": 0.010743856430053711,
            "2_aggregate_override": 0.012836217880249023
        },
        "create_final_relationships": {
            "overall": 0.20158982276916504,
            "0_unpack_graph": 0.056761980056762695,
            "1_filter": 0.030874013900756836,
            "2_rename": 0.010582447052001953,
            "3_filter": 0.032147884368896484,
            "4_drop": 0.01105952262878418,
            "5_compute_edge_combined_degree": 0.013184785842895508,
            "6_convert": 0.023730993270874023,
            "7_convert": 0.011296272277832031
        },
        "join_text_units_to_relationship_ids": {
            "overall": 0.06173133850097656,
            "0_select": 0.011693954467773438,
            "1_unroll": 0.012417316436767578,
            "2_aggregate_override": 0.013285636901855469,
            "3_select": 0.011751174926757812
        },
        "create_final_community_reports": {
            "overall": 42.507755756378174,
            "0_prepare_community_reports_nodes": 0.020635366439819336,
            "1_prepare_community_reports_edges": 0.016009807586669922,
            "2_restore_community_hierarchy": 0.01635909080505371,
            "3_prepare_community_reports": 0.19013619422912598,
            "4_create_community_reports": 42.220948219299316,
            "5_window": 0.015603065490722656
        },
        "create_final_text_units": {
            "overall": 0.10963916778564453,
            "0_select": 0.012884140014648438,
            "1_rename": 0.013970375061035156,
            "2_join": 0.018563032150268555,
            "3_join": 0.01747608184814453,
            "4_aggregate_override": 0.01462101936340332,
            "5_select": 0.01883554458618164
        },
        "create_base_documents": {
            "overall": 0.17996883392333984,
            "0_unroll": 0.017017364501953125,
            "1_select": 0.014554500579833984,
            "2_rename": 0.014034032821655273,
            "3_join": 0.01776409149169922,
            "4_aggregate_override": 0.018073558807373047,
            "5_join": 0.018343210220336914,
            "6_rename": 0.014639616012573242,
            "7_convert": 0.04947352409362793
        },
        "create_final_documents": {
            "overall": 0.030983686447143555,
            "0_rename": 0.014948368072509766
        }
    }
}