{
    "total_runtime": 826.2417945861816,
    "num_documents": 31,
    "input_load_time": 0,
    "workflows": {
        "create_base_text_units": {
            "overall": 0.18910717964172363,
            "0_orderby": 0.0018296241760253906,
            "1_zip": 0.001959085464477539,
            "2_aggregate_override": 0.0034105777740478516,
            "3_chunk": 0.15573596954345703,
            "4_select": 0.002391338348388672,
            "5_unroll": 0.003023386001586914,
            "6_rename": 0.0021457672119140625,
            "7_genid": 0.0037398338317871094,
            "8_unzip": 0.0027124881744384766,
            "9_copy": 0.0023941993713378906,
            "10_filter": 0.007980823516845703
        },
        "create_base_extracted_entities": {
            "overall": 758.6441462039948,
            "0_entity_extract": 758.4895269870758,
            "1_snapshot": 0.03245377540588379,
            "2_merge_graphs": 0.10872125625610352,
            "3_snapshot_rows": 0.010394811630249023
        },
        "create_summarized_entities": {
            "overall": 7.92949914932251,
            "0_summarize_descriptions": 7.909631013870239,
            "1_snapshot_rows": 0.014847278594970703
        },
        "create_base_entity_graph": {
            "overall": 4.144428968429565,
            "0_cluster_graph": 0.26856160163879395,
            "1_snapshot_rows": 0.031380414962768555,
            "2_embed_graph": 3.8162715435028076,
            "3_snapshot_rows": 0.009887933731079102,
            "4_select": 0.006247997283935547
        },
        "create_final_entities": {
            "overall": 1.6223547458648682,
            "0_unpack_graph": 0.06206154823303223,
            "1_rename": 0.006066560745239258,
            "2_select": 0.006239414215087891,
            "3_dedupe": 0.006319284439086914,
            "4_rename": 0.00606536865234375,
            "5_filter": 0.018242597579956055,
            "6_text_split": 0.010643959045410156,
            "7_drop": 0.006608486175537109,
            "8_merge": 0.04170989990234375,
            "9_text_embed": 1.4307060241699219,
            "10_drop": 0.006558656692504883,
            "11_filter": 0.016095876693725586
        },
        "create_final_nodes": {
            "overall": 9.504143476486206,
            "0_layout_graph": 9.060851335525513,
            "1_unpack_graph": 0.058838844299316406,
            "2_unpack_graph": 0.28117942810058594,
            "3_filter": 0.022822141647338867,
            "4_drop": 0.007127285003662109,
            "5_select": 0.006951093673706055,
            "6_snapshot": 0.008584737777709961,
            "7_rename": 0.007210731506347656,
            "8_join": 0.011566877365112305,
            "9_convert": 0.02361774444580078,
            "10_rename": 0.007685184478759766
        },
        "create_final_communities": {
            "overall": 0.344010591506958,
            "0_unpack_graph": 0.05644416809082031,
            "1_unpack_graph": 0.05365276336669922,
            "2_aggregate_override": 0.010161161422729492,
            "3_join": 0.013883113861083984,
            "4_join": 0.013635873794555664,
            "5_concat": 0.008795976638793945,
            "6_filter": 0.08826851844787598,
            "7_aggregate_override": 0.014235734939575195,
            "8_join": 0.011859655380249023,
            "9_filter": 0.020844221115112305,
            "10_fill": 0.00911569595336914,
            "11_merge": 0.01564812660217285,
            "12_copy": 0.00946187973022461,
            "13_select": 0.009444475173950195
        },
        "join_text_units_to_entity_ids": {
            "overall": 0.04247260093688965,
            "0_select": 0.009785890579223633,
            "1_unroll": 0.010816574096679688,
            "2_aggregate_override": 0.011814594268798828
        },
        "create_final_relationships": {
            "overall": 0.22177577018737793,
            "0_unpack_graph": 0.068115234375,
            "1_filter": 0.029583215713500977,
            "2_rename": 0.01050257682800293,
            "3_filter": 0.030387401580810547,
            "4_drop": 0.011283159255981445,
            "5_compute_edge_combined_degree": 0.013186454772949219,
            "6_convert": 0.022333860397338867,
            "7_convert": 0.011177778244018555
        },
        "join_text_units_to_relationship_ids": {
            "overall": 0.06054258346557617,
            "0_select": 0.011411666870117188,
            "1_unroll": 0.01242828369140625,
            "2_aggregate_override": 0.013239383697509766,
            "3_select": 0.01186990737915039
        },
        "create_final_community_reports": {
            "overall": 38.099589586257935,
            "0_prepare_community_reports_nodes": 0.022841453552246094,
            "1_prepare_community_reports_edges": 0.016115427017211914,
            "2_restore_community_hierarchy": 0.016880273818969727,
            "3_prepare_community_reports": 0.24572253227233887,
            "4_create_community_reports": 37.760666608810425,
            "5_window": 0.013478994369506836
        },
        "create_final_text_units": {
            "overall": 0.10381770133972168,
            "0_select": 0.013106822967529297,
            "1_rename": 0.013981103897094727,
            "2_join": 0.016344308853149414,
            "3_join": 0.01656055450439453,
            "4_aggregate_override": 0.015904664993286133,
            "5_select": 0.013637065887451172
        },
        "create_base_documents": {
            "overall": 0.1693744659423828,
            "0_unroll": 0.015355587005615234,
            "1_select": 0.014145851135253906,
            "2_rename": 0.014379739761352539,
            "3_join": 0.017411470413208008,
            "4_aggregate_override": 0.015444755554199219,
            "5_join": 0.017913341522216797,
            "6_rename": 0.014736652374267578,
            "7_convert": 0.0455775260925293
        },
        "create_final_documents": {
            "overall": 0.03047466278076172,
            "0_rename": 0.014934778213500977
        }
    }
}