{
    "total_runtime": 442.92887115478516,
    "num_documents": 278,
    "input_load_time": 0,
    "workflows": {
        "create_base_text_units": {
            "overall": 0.28044795989990234,
            "0_orderby": 0.0020363330841064453,
            "1_zip": 0.0020449161529541016,
            "2_aggregate_override": 0.0052165985107421875,
            "3_chunk": 0.23629236221313477,
            "4_select": 0.0026941299438476562,
            "5_unroll": 0.0036170482635498047,
            "6_rename": 0.002166271209716797,
            "7_genid": 0.00908517837524414,
            "8_unzip": 0.0028848648071289062,
            "9_copy": 0.0023910999298095703,
            "10_filter": 0.010234594345092773
        },
        "create_base_extracted_entities": {
            "overall": 176.77907180786133,
            "0_entity_extract": 176.33826208114624,
            "1_snapshot": 0.05479598045349121,
            "2_merge_graphs": 0.3758518695831299,
            "3_snapshot_rows": 0.007142066955566406
        },
        "create_summarized_entities": {
            "overall": 37.69107627868652,
            "0_summarize_descriptions": 37.67780685424805,
            "1_snapshot_rows": 0.00966954231262207
        },
        "create_base_entity_graph": {
            "overall": 10.196497440338135,
            "0_cluster_graph": 0.8852519989013672,
            "1_snapshot_rows": 0.023879051208496094,
            "2_embed_graph": 9.252842426300049,
            "3_snapshot_rows": 0.02097630500793457,
            "4_select": 0.009469032287597656
        },
        "create_final_entities": {
            "overall": 2.704392194747925,
            "0_unpack_graph": 0.4586045742034912,
            "1_rename": 0.005360841751098633,
            "2_select": 0.0051958560943603516,
            "3_dedupe": 0.0055620670318603516,
            "4_rename": 0.005154848098754883,
            "5_filter": 0.017946243286132812,
            "6_text_split": 0.01404118537902832,
            "7_drop": 0.005694389343261719,
            "8_merge": 0.0865786075592041,
            "9_text_embed": 2.063840627670288,
            "10_drop": 0.006718635559082031,
            "11_filter": 0.019910573959350586
        },
        "create_final_nodes": {
            "overall": 15.35785984992981,
            "0_layout_graph": 13.71298885345459,
            "1_unpack_graph": 0.7407195568084717,
            "2_unpack_graph": 0.77227783203125,
            "3_drop": 0.0072782039642333984,
            "4_filter": 0.04029655456542969,
            "5_select": 0.007188081741333008,
            "6_snapshot": 0.009056568145751953,
            "7_rename": 0.007139682769775391,
            "8_join": 0.01339101791381836,
            "9_convert": 0.02386784553527832,
            "10_rename": 0.00816035270690918
        },
        "create_final_communities": {
            "overall": 1.757685661315918,
            "0_unpack_graph": 0.502769947052002,
            "1_unpack_graph": 0.5264279842376709,
            "2_aggregate_override": 0.010536670684814453,
            "3_join": 0.026154041290283203,
            "4_join": 0.027922630310058594,
            "5_concat": 0.010946273803710938,
            "6_filter": 0.5147616863250732,
            "7_aggregate_override": 0.02605581283569336,
            "8_join": 0.01201772689819336,
            "9_filter": 0.023895740509033203,
            "10_fill": 0.009050607681274414,
            "11_merge": 0.027344703674316406,
            "12_copy": 0.009348630905151367,
            "13_select": 0.009606122970581055
        },
        "join_text_units_to_entity_ids": {
            "overall": 0.06863856315612793,
            "0_select": 0.0169985294342041,
            "1_unroll": 0.011066913604736328,
            "2_aggregate_override": 0.01612544059753418
        },
        "create_final_relationships": {
            "overall": 0.7640011310577393,
            "0_unpack_graph": 0.5586202144622803,
            "1_filter": 0.04743337631225586,
            "2_rename": 0.011112451553344727,
            "3_filter": 0.06161332130432129,
            "4_drop": 0.011151552200317383,
            "5_compute_edge_combined_degree": 0.01397085189819336,
            "6_convert": 0.02251124382019043,
            "7_convert": 0.011738061904907227
        },
        "join_text_units_to_relationship_ids": {
            "overall": 0.09446287155151367,
            "0_select": 0.01653575897216797,
            "1_unroll": 0.03712940216064453,
            "2_aggregate_override": 0.01755070686340332,
            "3_select": 0.011659622192382812
        },
        "create_final_community_reports": {
            "overall": 189.7579870223999,
            "0_prepare_community_reports_nodes": 0.04487037658691406,
            "1_prepare_community_reports_edges": 0.02570629119873047,
            "2_restore_community_hierarchy": 0.02567124366760254,
            "3_prepare_community_reports": 0.6996746063232422,
            "4_create_community_reports": 188.91121435165405,
            "5_window": 0.020266294479370117
        },
        "create_final_text_units": {
            "overall": 0.09946823120117188,
            "0_select": 0.012812614440917969,
            "1_rename": 0.01271677017211914,
            "2_join": 0.01609039306640625,
            "3_join": 0.01630854606628418,
            "4_aggregate_override": 0.014906167984008789,
            "5_select": 0.013504743576049805
        },
        "create_base_documents": {
            "overall": 0.16656851768493652,
            "0_unroll": 0.015105724334716797,
            "1_select": 0.014021873474121094,
            "2_rename": 0.013921976089477539,
            "3_join": 0.01687002182006836,
            "4_aggregate_override": 0.01709437370300293,
            "5_join": 0.017136096954345703,
            "6_rename": 0.014438867568969727,
            "7_convert": 0.044239044189453125
        },
        "create_final_documents": {
            "overall": 0.029985904693603516,
            "0_rename": 0.014822006225585938
        }
    }
}