{
    "total_runtime": 101.12378001213074,
    "num_documents": 29,
    "input_load_time": 0,
    "workflows": {
        "create_base_text_units": {
            "overall": 0.22388172149658203,
            "0_orderby": 0.002271890640258789,
            "1_zip": 0.0021622180938720703,
            "2_aggregate_override": 0.0040323734283447266,
            "3_chunk": 0.18386554718017578,
            "4_select": 0.0029532909393310547,
            "5_unroll": 0.004046440124511719,
            "6_rename": 0.0025146007537841797,
            "7_genid": 0.0041692256927490234,
            "8_unzip": 0.0031533241271972656,
            "9_copy": 0.0027565956115722656,
            "10_filter": 0.010027408599853516
        },
        "create_base_extracted_entities": {
            "overall": 33.430811166763306,
            "0_entity_extract": 33.369922161102295,
            "1_snapshot": 0.010495662689208984,
            "2_merge_graphs": 0.032926321029663086,
            "3_snapshot_rows": 0.014431953430175781
        },
        "create_summarized_entities": {
            "overall": 4.3375866413116455,
            "0_summarize_descriptions": 4.327428817749023,
            "1_snapshot_rows": 0.006303071975708008
        },
        "create_base_entity_graph": {
            "overall": 1.7864806652069092,
            "0_cluster_graph": 0.10438776016235352,
            "1_snapshot_rows": 0.0077626705169677734,
            "2_embed_graph": 1.6488580703735352,
            "3_snapshot_rows": 0.012329339981079102,
            "4_select": 0.00903940200805664
        },
        "create_final_entities": {
            "overall": 1.028014898300171,
            "0_unpack_graph": 0.04255318641662598,
            "1_rename": 0.005409717559814453,
            "2_select": 0.00516200065612793,
            "3_dedupe": 0.0054624080657958984,
            "4_rename": 0.0051267147064208984,
            "5_filter": 0.014207839965820312,
            "6_text_split": 0.008099079132080078,
            "7_drop": 0.005712747573852539,
            "8_merge": 0.03288865089416504,
            "9_text_embed": 0.8748583793640137,
            "10_drop": 0.0068476200103759766,
            "11_filter": 0.016591548919677734
        },
        "create_final_nodes": {
            "overall": 9.08260178565979,
            "0_layout_graph": 8.872801780700684,
            "1_unpack_graph": 0.04984164237976074,
            "2_unpack_graph": 0.05006694793701172,
            "3_filter": 0.02338886260986328,
            "4_drop": 0.007111310958862305,
            "5_select": 0.0069506168365478516,
            "6_snapshot": 0.011815309524536133,
            "7_rename": 0.008354425430297852,
            "8_join": 0.012951850891113281,
            "9_convert": 0.023871898651123047,
            "10_rename": 0.008669137954711914
        },
        "create_final_communities": {
            "overall": 0.33643603324890137,
            "0_unpack_graph": 0.05173802375793457,
            "1_unpack_graph": 0.044827938079833984,
            "2_aggregate_override": 0.011680126190185547,
            "3_join": 0.014793157577514648,
            "4_join": 0.013777732849121094,
            "5_concat": 0.009219884872436523,
            "6_filter": 0.08803296089172363,
            "7_aggregate_override": 0.013947725296020508,
            "8_join": 0.012480497360229492,
            "9_filter": 0.021907567977905273,
            "10_fill": 0.009735584259033203,
            "11_merge": 0.015289783477783203,
            "12_copy": 0.010002613067626953,
            "13_select": 0.009961843490600586
        },
        "join_text_units_to_entity_ids": {
            "overall": 0.04549217224121094,
            "0_select": 0.01034092903137207,
            "1_unroll": 0.011579513549804688,
            "2_aggregate_override": 0.012541532516479492
        },
        "create_final_relationships": {
            "overall": 0.22397279739379883,
            "0_unpack_graph": 0.05287361145019531,
            "1_filter": 0.03995704650878906,
            "2_rename": 0.013675928115844727,
            "3_filter": 0.030704975128173828,
            "4_drop": 0.011317014694213867,
            "5_compute_edge_combined_degree": 0.013759374618530273,
            "6_convert": 0.023298263549804688,
            "7_convert": 0.011579275131225586
        },
        "join_text_units_to_relationship_ids": {
            "overall": 0.06379556655883789,
            "0_select": 0.012439966201782227,
            "1_unroll": 0.01310586929321289,
            "2_aggregate_override": 0.013760089874267578,
            "3_select": 0.012446403503417969
        },
        "create_final_community_reports": {
            "overall": 45.15880537033081,
            "0_prepare_community_reports_nodes": 0.020320653915405273,
            "1_prepare_community_reports_edges": 0.016009092330932617,
            "2_restore_community_hierarchy": 0.01673293113708496,
            "3_prepare_community_reports": 0.18451380729675293,
            "4_create_community_reports": 44.88699221611023,
            "5_window": 0.020773649215698242
        },
        "create_final_text_units": {
            "overall": 0.10542726516723633,
            "0_select": 0.013092041015625,
            "1_rename": 0.013702154159545898,
            "2_join": 0.018982410430908203,
            "3_join": 0.017268896102905273,
            "4_aggregate_override": 0.015057563781738281,
            "5_select": 0.013742446899414062
        },
        "create_base_documents": {
            "overall": 0.18294262886047363,
            "0_unroll": 0.01804208755493164,
            "1_select": 0.017162799835205078,
            "2_rename": 0.017225980758666992,
            "3_join": 0.02070927619934082,
            "4_aggregate_override": 0.016045808792114258,
            "5_join": 0.017367839813232422,
            "6_rename": 0.0146484375,
            "7_convert": 0.04483437538146973
        },
        "create_final_documents": {
            "overall": 0.031124114990234375,
            "0_rename": 0.01535177230834961
        }
    }
}