{
    "total_runtime": 68.4911048412323,
    "num_documents": 2,
    "input_load_time": 0,
    "workflows": {
        "create_base_text_units": {
            "overall": 0.17119312286376953,
            "0_orderby": 0.0019958019256591797,
            "1_zip": 0.0022711753845214844,
            "2_aggregate_override": 0.003520965576171875,
            "3_chunk": 0.13448047637939453,
            "4_select": 0.002586841583251953,
            "5_unroll": 0.0035321712493896484,
            "6_rename": 0.002635955810546875,
            "7_genid": 0.002850770950317383,
            "8_unzip": 0.0032346248626708984,
            "9_copy": 0.0029370784759521484,
            "10_filter": 0.009337902069091797
        },
        "create_base_extracted_entities": {
            "overall": 39.49140119552612,
            "0_entity_extract": 39.45576596260071,
            "1_snapshot": 0.009078264236450195,
            "2_merge_graphs": 0.013822555541992188,
            "3_snapshot_rows": 0.009337186813354492
        },
        "create_summarized_entities": {
            "overall": 1.5020391941070557,
            "0_summarize_descriptions": 1.4920570850372314,
            "1_snapshot_rows": 0.005925178527832031
        },
        "create_base_entity_graph": {
            "overall": 0.07614350318908691,
            "0_cluster_graph": 0.011942863464355469,
            "1_snapshot_rows": 0.005460977554321289,
            "2_embed_graph": 0.042526960372924805,
            "3_snapshot_rows": 0.006147146224975586,
            "4_select": 0.005487680435180664
        },
        "create_final_entities": {
            "overall": 0.5273492336273193,
            "0_unpack_graph": 0.006982564926147461,
            "1_rename": 0.0057981014251708984,
            "2_select": 0.005888223648071289,
            "3_dedupe": 0.0061702728271484375,
            "4_rename": 0.006070613861083984,
            "5_filter": 0.014963150024414062,
            "6_text_split": 0.006859302520751953,
            "7_drop": 0.00661468505859375,
            "8_merge": 0.010225534439086914,
            "9_text_embed": 0.42785191535949707,
            "10_drop": 0.007327556610107422,
            "11_filter": 0.01703929901123047
        },
        "create_final_nodes": {
            "overall": 3.7924957275390625,
            "0_layout_graph": 3.6631784439086914,
            "1_unpack_graph": 0.009415149688720703,
            "2_unpack_graph": 0.009342193603515625,
            "3_drop": 0.008118152618408203,
            "4_filter": 0.018719196319580078,
            "5_select": 0.008498191833496094,
            "6_snapshot": 0.009382963180541992,
            "7_rename": 0.008660078048706055,
            "8_convert": 0.027898311614990234,
            "9_join": 0.012626171112060547,
            "10_rename": 0.009062528610229492
        },
        "create_final_communities": {
            "overall": 0.19587063789367676,
            "0_unpack_graph": 0.010610580444335938,
            "1_unpack_graph": 0.01069188117980957,
            "2_aggregate_override": 0.01091456413269043,
            "3_join": 0.013263463973999023,
            "4_join": 0.013127565383911133,
            "5_concat": 0.010092020034790039,
            "6_filter": 0.023084163665771484,
            "7_aggregate_override": 0.012059688568115234,
            "8_join": 0.013501167297363281,
            "9_filter": 0.024117469787597656,
            "10_fill": 0.010808467864990234,
            "11_merge": 0.01149749755859375,
            "12_copy": 0.011205673217773438,
            "13_select": 0.011263132095336914
        },
        "join_text_units_to_entity_ids": {
            "overall": 0.048726558685302734,
            "0_select": 0.011583089828491211,
            "1_unroll": 0.012590885162353516,
            "2_aggregate_override": 0.013010263442993164
        },
        "create_final_relationships": {
            "overall": 0.18690919876098633,
            "0_unpack_graph": 0.01351022720336914,
            "1_filter": 0.05386495590209961,
            "2_rename": 0.012579917907714844,
            "3_filter": 0.02706003189086914,
            "4_drop": 0.01287221908569336,
            "5_compute_edge_combined_degree": 0.015050172805786133,
            "6_convert": 0.02658820152282715,
            "7_convert": 0.013287782669067383
        },
        "join_text_units_to_relationship_ids": {
            "overall": 0.07056927680969238,
            "0_select": 0.013365030288696289,
            "1_unroll": 0.014536857604980469,
            "2_aggregate_override": 0.015213489532470703,
            "3_select": 0.014097213745117188
        },
        "create_final_community_reports": {
            "overall": 19.471381664276123,
            "0_prepare_community_reports_nodes": 0.015095233917236328,
            "1_prepare_community_reports_edges": 0.0152740478515625,
            "2_restore_community_hierarchy": 0.016552448272705078,
            "3_prepare_community_reports": 0.028956174850463867,
            "4_create_community_reports": 19.352826833724976,
            "5_window": 0.028355121612548828
        },
        "create_final_text_units": {
            "overall": 0.11783599853515625,
            "0_select": 0.015548229217529297,
            "1_rename": 0.015627622604370117,
            "2_join": 0.018791913986206055,
            "3_join": 0.0187990665435791,
            "4_aggregate_override": 0.01761031150817871,
            "5_select": 0.016160964965820312
        },
        "create_base_documents": {
            "overall": 0.23491621017456055,
            "0_unroll": 0.05578041076660156,
            "1_select": 0.016956090927124023,
            "2_rename": 0.01690530776977539,
            "3_join": 0.019870519638061523,
            "4_aggregate_override": 0.017992258071899414,
            "5_join": 0.020191431045532227,
            "6_rename": 0.01745915412902832,
            "7_convert": 0.0533602237701416
        },
        "create_final_documents": {
            "overall": 0.035363197326660156,
            "0_rename": 0.01777052879333496
        }
    }
}