{"id":"b45241d70f0e43fca764df95b2b81f77","x":18.0229492188,"y":-7.1298918724}
{"id":"4119fd06010c494caa07f439b333f4c5","x":16.2698326111,"y":-6.0654659271}
{"id":"d3835bf3dda84ead99deadbeac5d0d7d","x":12.2835464478,"y":-1.84182477}
{"id":"077d2820ae1845bcbb1803379a3d1eae","x":9.496336937,"y":-9.2927341461}
{"id":"3671ea0dd4e84c1a9b02c5ab2c8f4bac","x":9.690703392,"y":-8.2792196274}
{"id":"19a7f254a5d64566ab5cc15472df02de","x":13.6196651459,"y":-7.3494906425}
{"id":"e7ffaee9d31d4d3c96e04f911d0a8f9e","x":8.1856966019,"y":-6.669731617}
{"id":"f7e11b0e297a44a896dc67928368f600","x":12.3726110458,"y":-0.4696073532}
{"id":"1fd3fa8bb5a2408790042ab9573779ee","x":12.5380105972,"y":-9.0443630219}
{"id":"27f9fbe6ad8c4a8b9acee0d3596ed57c","x":12.9506835938,"y":-1.2092734575}
{"id":"e1fd0e904a53409aada44442f23a51cb","x":9.0627422333,"y":-4.8235163689}
{"id":"de988724cfdf45cebfba3b13c43ceede","x":10.0894088745,"y":-3.266326189}
{"id":"96aad7cb4b7d40e9b7e13b94a67af206","x":13.4766016006,"y":-8.2190198898}
{"id":"c9632a35146940c2a86167c7726d35e9","x":8.2966308594,"y":-5.5514369011}
{"id":"9646481f66ce4fd2b08c2eddda42fc82","x":10.4863672256,"y":-8.9715137482}
{"id":"d91a266f766b4737a06b0fda588ba40b","x":9.1543130875,"y":-5.8182711601}
{"id":"bc0e3f075a4c4ebbb7c7b152b65a5625","x":8.6218061447,"y":-7.5228872299}
{"id":"254770028d7a4fa9877da4ba0ad5ad21","x":12.1179952621,"y":-8.2094211578}
{"id":"4a67211867e5464ba45126315a122a8a","x":9.0158195496,"y":-8.4951705933}
{"id":"04dbbb2283b845baaeac0eaf0c34c9da","x":11.8060588837,"y":-1.0768139362}
{"id":"1943f245ee4243bdbfbd2fd619ae824a","x":18.2687187195,"y":-6.4981908798}
{"id":"273daeec8cad41e6b3e450447db58ee7","x":15.7299337387,"y":-6.8788194656}
{"id":"e69dc259edb944ea9ea41264b9fcfe59","x":11.0512046814,"y":-2.8199653625}
{"id":"e2f5735c7d714423a2c4f61ca2644626","x":17.0299186707,"y":-6.7898387909}
{"id":"deece7e64b2a4628850d4bb6e394a9c3","x":17.2833557129,"y":-5.9762969017}
{"id":"e657b5121ff8456b9a610cfaead8e0cb","x":10.0796442032,"y":-4.0930733681}
{"id":"bf4e255cdac94ccc83a56435a5e4b075","x":7.6621384621,"y":-8.0361099243}
{"id":"3b040bcc19f14e04880ae52881a89c1c","x":7.406059742,"y":-7.2318491936}
{"id":"3d6b216c14354332b1bf1927ba168986","x":14.5447711945,"y":-7.5477252007}
{"id":"1c109cfdc370463eb6d537e5b7b382fb","x":11.6575584412,"y":-9.0539999008}
{"id":"3d0dcbc8971b415ea18065edc4d8c8ef","x":17.1669006348,"y":-7.4804439545}
