{
    "total_runtime": 0.4915776252746582,
    "num_documents": 30,
    "input_load_time": 0,
    "workflows": {
        "create_base_text_units": {
            "overall": 0.22003936767578125,
            "0_orderby": 0.002178192138671875,
            "1_zip": 0.002051830291748047,
            "2_aggregate_override": 0.003649473190307617,
            "3_chunk": 0.17508387565612793,
            "4_select": 0.002695798873901367,
            "5_unroll": 0.003367900848388672,
            "6_rename": 0.0023186206817626953,
            "7_genid": 0.009227275848388672,
            "8_unzip": 0.0041849613189697266,
            "9_copy": 0.002852916717529297,
            "10_filter": 0.010528087615966797
        }
    }
}