{
    "total_runtime": 139.0384340286255,
    "num_documents": 30,
    "input_load_time": 0,
    "workflows": {
        "create_base_text_units": {
            "overall": 0.19953179359436035,
            "0_orderby": 0.0019817352294921875,
            "1_zip": 0.0020170211791992188,
            "2_aggregate_override": 0.0035288333892822266,
            "3_chunk": 0.16488051414489746,
            "4_select": 0.0025017261505126953,
            "5_unroll": 0.003115415573120117,
            "6_rename": 0.0021915435791015625,
            "7_genid": 0.004433155059814453,
            "8_unzip": 0.0027587413787841797,
            "9_copy": 0.0023839473724365234,
            "10_filter": 0.007944583892822266
        },
        "create_base_extracted_entities": {
            "overall": 55.00068235397339,
            "0_entity_extract": 54.913169860839844,
            "1_snapshot": 0.026105403900146484,
            "2_merge_graphs": 0.052857160568237305,
            "3_snapshot_rows": 0.005395412445068359
        },
        "create_summarized_entities": {
            "overall": 14.781644582748413,
            "0_summarize_descriptions": 14.769154787063599,
            "1_snapshot_rows": 0.008664131164550781
        },
        "create_base_entity_graph": {
            "overall": 2.3050904273986816,
            "0_cluster_graph": 0.1223142147064209,
            "1_snapshot_rows": 0.010542869567871094,
            "2_embed_graph": 2.1433112621307373,
            "3_snapshot_rows": 0.013687849044799805,
            "4_select": 0.01114654541015625
        },
        "create_final_entities": {
            "overall": 1.9928216934204102,
            "0_unpack_graph": 0.05701303482055664,
            "1_rename": 0.0051920413970947266,
            "2_select": 0.005084514617919922,
            "3_dedupe": 0.00536036491394043,
            "4_rename": 0.005081653594970703,
            "5_filter": 0.014068841934204102,
            "6_text_split": 0.008594274520874023,
            "7_drop": 0.005626678466796875,
            "8_merge": 0.03784799575805664,
            "9_text_embed": 1.8089547157287598,
            "10_drop": 0.012991666793823242,
            "11_filter": 0.017336130142211914
        },
        "create_final_nodes": {
            "overall": 9.088598728179932,
            "0_layout_graph": 8.650859832763672,
            "1_unpack_graph": 0.07095861434936523,
            "2_unpack_graph": 0.26455187797546387,
            "3_filter": 0.022577524185180664,
            "4_drop": 0.007128238677978516,
            "5_select": 0.0070192813873291016,
            "6_snapshot": 0.008554935455322266,
            "7_rename": 0.0071201324462890625,
            "8_convert": 0.02317070960998535,
            "9_join": 0.011884689331054688,
            "10_rename": 0.007815837860107422
        },
        "create_final_communities": {
            "overall": 0.3601057529449463,
            "0_unpack_graph": 0.051804304122924805,
            "1_unpack_graph": 0.04875779151916504,
            "2_aggregate_override": 0.010149955749511719,
            "3_join": 0.013635873794555664,
            "4_join": 0.013566970825195312,
            "5_concat": 0.00881052017211914,
            "6_filter": 0.11525678634643555,
            "7_aggregate_override": 0.013391256332397461,
            "8_join": 0.012130260467529297,
            "9_filter": 0.020862579345703125,
            "10_fill": 0.009119033813476562,
            "11_merge": 0.014675140380859375,
            "12_copy": 0.009489297866821289,
            "13_select": 0.009496927261352539
        },
        "join_text_units_to_entity_ids": {
            "overall": 0.04255342483520508,
            "0_select": 0.009806394577026367,
            "1_unroll": 0.010808229446411133,
            "2_aggregate_override": 0.011818647384643555
        },
        "create_final_relationships": {
            "overall": 0.24312496185302734,
            "0_unpack_graph": 0.0612635612487793,
            "1_filter": 0.05700945854187012,
            "2_rename": 0.010607719421386719,
            "3_filter": 0.030246496200561523,
            "4_drop": 0.011231422424316406,
            "5_compute_edge_combined_degree": 0.013157367706298828,
            "6_convert": 0.02247929573059082,
            "7_convert": 0.011265993118286133
        },
        "join_text_units_to_relationship_ids": {
            "overall": 0.06097078323364258,
            "0_select": 0.011527061462402344,
            "1_unroll": 0.01248311996459961,
            "2_aggregate_override": 0.01346278190612793,
            "3_select": 0.011856317520141602
        },
        "create_final_community_reports": {
            "overall": 49.92172408103943,
            "0_prepare_community_reports_nodes": 0.02064061164855957,
            "1_prepare_community_reports_edges": 0.01606154441833496,
            "2_restore_community_hierarchy": 0.01660943031311035,
            "3_prepare_community_reports": 0.23707151412963867,
            "4_create_community_reports": 49.598164319992065,
            "5_window": 0.02002573013305664
        },
        "create_final_text_units": {
            "overall": 0.10066509246826172,
            "0_select": 0.013097286224365234,
            "1_rename": 0.012906074523925781,
            "2_join": 0.01606130599975586,
            "3_join": 0.016108036041259766,
            "4_aggregate_override": 0.014895200729370117,
            "5_select": 0.014084339141845703
        },
        "create_base_documents": {
            "overall": 0.1658320426940918,
            "0_unroll": 0.014835357666015625,
            "1_select": 0.013920068740844727,
            "2_rename": 0.014091253280639648,
            "3_join": 0.016789913177490234,
            "4_aggregate_override": 0.015379905700683594,
            "5_join": 0.01711440086364746,
            "6_rename": 0.014845848083496094,
            "7_convert": 0.04465222358703613
        },
        "create_final_documents": {
            "overall": 0.030442237854003906,
            "0_rename": 0.014898300170898438
        }
    }
}