{
    "total_runtime": 96.45350193977356,
    "num_documents": 3,
    "input_load_time": 0,
    "workflows": {
        "create_base_text_units": {
            "overall": 0.16784119606018066,
            "0_orderby": 0.0020945072174072266,
            "1_zip": 0.0022749900817871094,
            "2_aggregate_override": 0.00365447998046875,
            "3_chunk": 0.1303117275238037,
            "4_select": 0.0028350353240966797,
            "5_unroll": 0.0036535263061523438,
            "6_rename": 0.002678394317626953,
            "7_genid": 0.0028951168060302734,
            "8_unzip": 0.0031926631927490234,
            "9_copy": 0.0028455257415771484,
            "10_filter": 0.009597063064575195
        },
        "create_base_extracted_entities": {
            "overall": 18.09277653694153,
            "0_entity_extract": 18.05667805671692,
            "1_snapshot": 0.009150028228759766,
            "2_merge_graphs": 0.014425039291381836,
            "3_snapshot_rows": 0.00917363166809082
        },
        "create_summarized_entities": {
            "overall": 17.571585416793823,
            "0_summarize_descriptions": 17.557143926620483,
            "1_snapshot_rows": 0.01030111312866211
        },
        "create_base_entity_graph": {
            "overall": 0.15346288681030273,
            "0_cluster_graph": 0.014770269393920898,
            "1_snapshot_rows": 0.0065419673919677734,
            "2_embed_graph": 0.11427068710327148,
            "3_snapshot_rows": 0.00771021842956543,
            "4_select": 0.0055010318756103516
        },
        "create_final_entities": {
            "overall": 0.572359561920166,
            "0_unpack_graph": 0.008210897445678711,
            "1_rename": 0.005727291107177734,
            "2_select": 0.005967617034912109,
            "3_dedupe": 0.006255149841308594,
            "4_rename": 0.00608062744140625,
            "5_filter": 0.014789104461669922,
            "6_text_split": 0.0069332122802734375,
            "7_drop": 0.006745338439941406,
            "8_merge": 0.011132955551147461,
            "9_text_embed": 0.4705843925476074,
            "10_drop": 0.007246255874633789,
            "11_filter": 0.01659703254699707
        },
        "create_final_nodes": {
            "overall": 4.200418710708618,
            "0_layout_graph": 4.067105770111084,
            "1_unpack_graph": 0.010896682739257812,
            "2_unpack_graph": 0.010684490203857422,
            "3_drop": 0.008133888244628906,
            "4_filter": 0.01867198944091797,
            "5_select": 0.008452415466308594,
            "6_snapshot": 0.00947260856628418,
            "7_rename": 0.008669137954711914,
            "8_join": 0.012598752975463867,
            "9_convert": 0.028411149978637695,
            "10_rename": 0.009152889251708984
        },
        "create_final_communities": {
            "overall": 0.20377779006958008,
            "0_unpack_graph": 0.01175546646118164,
            "1_unpack_graph": 0.011849641799926758,
            "2_aggregate_override": 0.012490987777709961,
            "3_join": 0.014019489288330078,
            "4_join": 0.013337135314941406,
            "5_concat": 0.010265350341796875,
            "6_filter": 0.02545905113220215,
            "7_aggregate_override": 0.012526988983154297,
            "8_join": 0.013549327850341797,
            "9_filter": 0.02384161949157715,
            "10_fill": 0.010869026184082031,
            "11_merge": 0.01197195053100586,
            "12_copy": 0.011090278625488281,
            "13_select": 0.01123809814453125
        },
        "join_text_units_to_entity_ids": {
            "overall": 0.07411551475524902,
            "0_select": 0.03666090965270996,
            "1_unroll": 0.012599706649780273,
            "2_aggregate_override": 0.013150930404663086
        },
        "create_final_relationships": {
            "overall": 0.16242074966430664,
            "0_unpack_graph": 0.014943838119506836,
            "1_filter": 0.02681899070739746,
            "2_rename": 0.012566089630126953,
            "3_filter": 0.02752399444580078,
            "4_drop": 0.012856721878051758,
            "5_compute_edge_combined_degree": 0.015097618103027344,
            "6_convert": 0.026660680770874023,
            "7_convert": 0.013290643692016602
        },
        "join_text_units_to_relationship_ids": {
            "overall": 0.07077693939208984,
            "0_select": 0.013442754745483398,
            "1_unroll": 0.014485597610473633,
            "2_aggregate_override": 0.01504969596862793,
            "3_select": 0.014388561248779297
        },
        "create_final_community_reports": {
            "overall": 52.18227434158325,
            "0_prepare_community_reports_nodes": 0.015219688415527344,
            "1_prepare_community_reports_edges": 0.015408039093017578,
            "2_restore_community_hierarchy": 0.0165557861328125,
            "3_prepare_community_reports": 0.041707515716552734,
            "4_create_community_reports": 52.04992198944092,
            "5_window": 0.028481721878051758
        },
        "create_final_text_units": {
            "overall": 0.1187889575958252,
            "0_select": 0.015554666519165039,
            "1_rename": 0.01570916175842285,
            "2_join": 0.019237041473388672,
            "3_join": 0.019160985946655273,
            "4_aggregate_override": 0.017441511154174805,
            "5_select": 0.01613640785217285
        },
        "create_base_documents": {
            "overall": 0.2308976650238037,
            "0_unroll": 0.052170515060424805,
            "1_select": 0.016653776168823242,
            "2_rename": 0.016947031021118164,
            "3_join": 0.019853830337524414,
            "4_aggregate_override": 0.01800060272216797,
            "5_join": 0.020176410675048828,
            "6_rename": 0.017393112182617188,
            "7_convert": 0.05308270454406738
        },
        "create_final_documents": {
            "overall": 0.03577566146850586,
            "0_rename": 0.017817974090576172
        }
    }
}