{
    "total_runtime": 338.4529995918274,
    "num_documents": 276,
    "input_load_time": 0,
    "workflows": {
        "create_base_text_units": {
            "overall": 0.2579078674316406,
            "0_orderby": 0.002155303955078125,
            "1_zip": 0.0020444393157958984,
            "2_aggregate_override": 0.005194902420043945,
            "3_chunk": 0.2164592742919922,
            "4_select": 0.002610921859741211,
            "5_unroll": 0.0031502246856689453,
            "6_rename": 0.0021638870239257812,
            "7_genid": 0.00768733024597168,
            "8_unzip": 0.0028429031372070312,
            "9_copy": 0.002387523651123047,
            "10_filter": 0.009472131729125977
        },
        "create_base_extracted_entities": {
            "overall": 147.61148142814636,
            "0_entity_extract": 147.17861604690552,
            "1_snapshot": 0.04785013198852539,
            "2_merge_graphs": 0.3746466636657715,
            "3_snapshot_rows": 0.007264852523803711
        },
        "create_summarized_entities": {
            "overall": 28.91755962371826,
            "0_summarize_descriptions": 28.90490198135376,
            "1_snapshot_rows": 0.009061336517333984
        },
        "create_base_entity_graph": {
            "overall": 10.051560878753662,
            "0_cluster_graph": 0.8890349864959717,
            "1_snapshot_rows": 0.02329540252685547,
            "2_embed_graph": 9.111679077148438,
            "3_snapshot_rows": 0.01822519302368164,
            "4_select": 0.00503993034362793
        },
        "create_final_entities": {
            "overall": 3.103980779647827,
            "0_unpack_graph": 0.4373197555541992,
            "1_rename": 0.00541377067565918,
            "2_select": 0.005237579345703125,
            "3_dedupe": 0.0056095123291015625,
            "4_rename": 0.005125761032104492,
            "5_filter": 0.019633054733276367,
            "6_text_split": 0.013898611068725586,
            "7_drop": 0.005866289138793945,
            "8_merge": 0.09112405776977539,
            "9_text_embed": 2.468071937561035,
            "10_drop": 0.013379573822021484,
            "11_filter": 0.02097177505493164
        },
        "create_final_nodes": {
            "overall": 14.765571117401123,
            "0_layout_graph": 13.367899417877197,
            "1_unpack_graph": 0.7464766502380371,
            "2_unpack_graph": 0.4922215938568115,
            "3_filter": 0.0412900447845459,
            "4_drop": 0.007500648498535156,
            "5_select": 0.007033109664916992,
            "6_snapshot": 0.008865594863891602,
            "7_rename": 0.012335777282714844,
            "8_join": 0.027410030364990234,
            "9_convert": 0.02426934242248535,
            "10_rename": 0.008305549621582031
        },
        "create_final_communities": {
            "overall": 1.7449207305908203,
            "0_unpack_graph": 0.5225374698638916,
            "1_unpack_graph": 0.4928252696990967,
            "2_aggregate_override": 0.010620832443237305,
            "3_join": 0.02570056915283203,
            "4_join": 0.026609182357788086,
            "5_concat": 0.010583162307739258,
            "6_filter": 0.5183866024017334,
            "7_aggregate_override": 0.02513885498046875,
            "8_join": 0.012093067169189453,
            "9_filter": 0.024150609970092773,
            "10_fill": 0.009151220321655273,
            "11_merge": 0.027214527130126953,
            "12_copy": 0.00946950912475586,
            "13_select": 0.009631633758544922
        },
        "join_text_units_to_entity_ids": {
            "overall": 0.09001636505126953,
            "0_select": 0.015806913375854492,
            "1_unroll": 0.02175593376159668,
            "2_aggregate_override": 0.03390693664550781
        },
        "create_final_relationships": {
            "overall": 0.7463710308074951,
            "0_unpack_graph": 0.5370855331420898,
            "1_filter": 0.0491182804107666,
            "2_rename": 0.011173009872436523,
            "3_filter": 0.06120467185974121,
            "4_drop": 0.011275768280029297,
            "5_compute_edge_combined_degree": 0.014201879501342773,
            "6_convert": 0.022739410400390625,
            "7_convert": 0.012069940567016602
        },
        "join_text_units_to_relationship_ids": {
            "overall": 0.06580209732055664,
            "0_select": 0.011323213577270508,
            "1_unroll": 0.013677358627319336,
            "2_aggregate_override": 0.017395973205566406,
            "3_select": 0.011830568313598633
        },
        "create_final_community_reports": {
            "overall": 123.65708661079407,
            "0_prepare_community_reports_nodes": 0.04643654823303223,
            "1_prepare_community_reports_edges": 0.02489757537841797,
            "2_restore_community_hierarchy": 0.025891542434692383,
            "3_prepare_community_reports": 0.6320881843566895,
            "4_create_community_reports": 122.87876415252686,
            "5_window": 0.018338441848754883
        },
        "create_final_text_units": {
            "overall": 0.10066008567810059,
            "0_select": 0.013150453567504883,
            "1_rename": 0.012883901596069336,
            "2_join": 0.01618218421936035,
            "3_join": 0.016277790069580078,
            "4_aggregate_override": 0.015014886856079102,
            "5_select": 0.013545513153076172
        },
        "create_base_documents": {
            "overall": 0.16832613945007324,
            "0_unroll": 0.015061378479003906,
            "1_select": 0.013950586318969727,
            "2_rename": 0.014086008071899414,
            "3_join": 0.01715993881225586,
            "4_aggregate_override": 0.017047882080078125,
            "5_join": 0.017330646514892578,
            "6_rename": 0.014711141586303711,
            "7_convert": 0.044738054275512695
        },
        "create_final_documents": {
            "overall": 0.030465364456176758,
            "0_rename": 0.014984130859375
        }
    }
}