{
    "total_runtime": 1.232992172241211,
    "num_documents": 2,
    "input_load_time": 0,
    "workflows": {
        "create_base_text_units": {
            "overall": 0.5997369289398193,
            "0_orderby": 0.006712675094604492,
            "1_zip": 0.007277965545654297,
            "2_aggregate_override": 0.010538339614868164,
            "3_chunk": 0.4728100299835205,
            "4_select": 0.008372068405151367,
            "5_unroll": 0.010560274124145508,
            "6_rename": 0.00887918472290039,
            "7_genid": 0.010046005249023438,
            "8_unzip": 0.011080026626586914,
            "9_copy": 0.010532379150390625,
            "10_filter": 0.031738996505737305
        },
        "create_base_extracted_entities": {
            "overall": 0.11689496040344238,
            "0_entity_extract": 0.04970359802246094,
            "1_snapshot": 0.01602911949157715,
            "2_merge_graphs": 0.021562814712524414,
            "3_snapshot_rows": 0.016429424285888672
        }
    }
}