{
    "total_runtime": 111.89787864685059,
    "num_documents": 15,
    "input_load_time": 0,
    "workflows": {
        "create_base_text_units": {
            "overall": 0.17701148986816406,
            "0_orderby": 0.0018687248229980469,
            "1_zip": 0.0019788742065429688,
            "2_aggregate_override": 0.0033597946166992188,
            "3_chunk": 0.14458417892456055,
            "4_select": 0.002341747283935547,
            "5_unroll": 0.003037691116333008,
            "6_rename": 0.00217437744140625,
            "7_genid": 0.0028595924377441406,
            "8_unzip": 0.0027332305908203125,
            "9_copy": 0.002391338348388672,
            "10_filter": 0.00793004035949707
        },
        "create_base_extracted_entities": {
            "overall": 59.80941605567932,
            "0_entity_extract": 59.76905822753906,
            "1_merge_graphs": 0.03738045692443848
        },
        "create_summarized_entities": {
            "overall": 2.9571762084960938,
            "0_summarize_descriptions": 2.9538378715515137
        },
        "create_base_entity_graph": {
            "overall": 0.08322930335998535,
            "0_cluster_graph": 0.07544517517089844,
            "1_select": 0.004085063934326172
        },
        "create_final_entities": {
            "overall": 1.1419169902801514,
            "0_unpack_graph": 0.028870344161987305,
            "1_rename": 0.004316806793212891,
            "2_select": 0.0042400360107421875,
            "3_dedupe": 0.004576683044433594,
            "4_rename": 0.004414558410644531,
            "5_filter": 0.012642621994018555,
            "6_text_split": 0.006837129592895508,
            "7_drop": 0.004980325698852539,
            "8_merge": 0.026592731475830078,
            "9_text_embed": 1.018357753753662,
            "10_drop": 0.006015300750732422,
            "11_filter": 0.015932321548461914
        },
        "create_final_nodes": {
            "overall": 0.24652504920959473,
            "0_layout_graph": 0.09807515144348145,
            "1_unpack_graph": 0.0333101749420166,
            "2_unpack_graph": 0.0334775447845459,
            "3_filter": 0.018381357192993164,
            "4_drop": 0.006201028823852539,
            "5_select": 0.006176471710205078,
            "6_rename": 0.0063037872314453125,
            "7_join": 0.010837316513061523,
            "8_convert": 0.021210432052612305,
            "9_rename": 0.0067005157470703125
        },
        "create_final_communities": {
            "overall": 0.24397802352905273,
            "0_unpack_graph": 0.032991647720336914,
            "1_unpack_graph": 0.0315399169921875,
            "2_aggregate_override": 0.009443521499633789,
            "3_join": 0.011820793151855469,
            "4_join": 0.011456489562988281,
            "5_concat": 0.007883071899414062,
            "6_filter": 0.05438041687011719,
            "7_aggregate_override": 0.01089787483215332,
            "8_join": 0.011014461517333984,
            "9_filter": 0.018747806549072266,
            "10_fill": 0.008232355117797852,
            "11_merge": 0.011059284210205078,
            "12_copy": 0.00843501091003418,
            "13_select": 0.008575201034545898
        },
        "join_text_units_to_entity_ids": {
            "overall": 0.03807353973388672,
            "0_select": 0.008840084075927734,
            "1_unroll": 0.009955883026123047,
            "2_aggregate_override": 0.010259628295898438
        },
        "create_final_relationships": {
            "overall": 0.15795326232910156,
            "0_unpack_graph": 0.035817861557006836,
            "1_filter": 0.025311946868896484,
            "2_rename": 0.009724617004394531,
            "3_filter": 0.02477121353149414,
            "4_drop": 0.009991168975830078,
            "5_compute_edge_combined_degree": 0.012151956558227539,
            "6_convert": 0.020465612411499023,
            "7_convert": 0.010164499282836914
        },
        "join_text_units_to_relationship_ids": {
            "overall": 0.05603742599487305,
            "0_select": 0.01062154769897461,
            "1_unroll": 0.011433839797973633,
            "2_aggregate_override": 0.012159109115600586,
            "3_select": 0.011026620864868164
        },
        "create_final_community_reports": {
            "overall": 43.570228099823,
            "0_prepare_community_reports_nodes": 0.016686439514160156,
            "1_prepare_community_reports_edges": 0.0135650634765625,
            "2_restore_community_hierarchy": 0.01420283317565918,
            "3_prepare_community_reports": 0.09540939331054688,
            "4_create_community_reports": 43.39729881286621,
            "5_window": 0.021476268768310547
        },
        "create_final_text_units": {
            "overall": 0.09310603141784668,
            "0_select": 0.012078046798706055,
            "1_rename": 0.012050867080688477,
            "2_join": 0.015111684799194336,
            "3_join": 0.015033483505249023,
            "4_aggregate_override": 0.013863086700439453,
            "5_select": 0.012684106826782227
        },
        "create_base_documents": {
            "overall": 0.1551828384399414,
            "0_unroll": 0.01381993293762207,
            "1_select": 0.013176202774047852,
            "2_rename": 0.013036489486694336,
            "3_join": 0.015821456909179688,
            "4_aggregate_override": 0.01427006721496582,
            "5_join": 0.01615452766418457,
            "6_rename": 0.013659000396728516,
            "7_convert": 0.04183077812194824
        },
        "create_final_documents": {
            "overall": 0.028123140335083008,
            "0_rename": 0.013866186141967773
        }
    }
}