{
    "total_runtime": 4.223315238952637,
    "num_documents": 3,
    "input_load_time": 0,
    "workflows": {
        "create_base_text_units": {
            "overall": 0.10787200927734375,
            "0_orderby": 0.0012359619140625,
            "1_zip": 0.0012090206146240234,
            "2_aggregate_override": 0.002368927001953125,
            "3_chunk": 0.08204221725463867,
            "4_select": 0.0016880035400390625,
            "5_unroll": 0.0038361549377441406,
            "6_rename": 0.0016930103302001953,
            "7_genid": 0.0018868446350097656,
            "8_unzip": 0.0022530555725097656,
            "9_copy": 0.001806020736694336,
            "10_filter": 0.006907939910888672
        },
        "create_base_extracted_entities": {
            "overall": 0.030703067779541016,
            "0_entity_extract": 0.0185391902923584,
            "1_snapshot": 0.0027959346771240234,
            "2_merge_graphs": 0.004149913787841797,
            "3_snapshot_rows": 0.0030231475830078125
        },
        "create_summarized_entities": {
            "overall": 0.016224145889282227,
            "0_summarize_descriptions": 0.01037287712097168,
            "1_snapshot_rows": 0.0033419132232666016
        },
        "create_base_entity_graph": {
            "overall": 0.04440879821777344,
            "0_cluster_graph": 0.00896000862121582,
            "1_snapshot_rows": 0.0038421154022216797,
            "2_embed_graph": 0.021831035614013672,
            "3_snapshot_rows": 0.0036630630493164062,
            "4_select": 0.003301858901977539
        },
        "create_final_entities": {
            "overall": 0.08333706855773926,
            "0_unpack_graph": 0.004413127899169922,
            "1_rename": 0.003674745559692383,
            "2_select": 0.003612995147705078,
            "3_dedupe": 0.0038290023803710938,
            "4_rename": 0.004074811935424805,
            "5_filter": 0.009251117706298828,
            "6_text_split": 0.0048961639404296875,
            "7_drop": 0.004094123840332031,
            "8_merge": 0.0063228607177734375,
            "9_text_embed": 0.020173072814941406,
            "10_drop": 0.005071878433227539,
            "11_filter": 0.010356903076171875
        },
        "create_final_nodes": {
            "overall": 1.986670970916748,
            "0_layout_graph": 1.897414207458496,
            "1_unpack_graph": 0.006319999694824219,
            "2_unpack_graph": 0.00680088996887207,
            "3_drop": 0.005202054977416992,
            "4_filter": 0.012387990951538086,
            "5_select": 0.005490303039550781,
            "6_snapshot": 0.0060269832611083984,
            "7_rename": 0.006186008453369141,
            "8_convert": 0.020553112030029297,
            "9_join": 0.008967876434326172,
            "10_rename": 0.006504058837890625
        },
        "create_final_communities": {
            "overall": 0.12993502616882324,
            "0_unpack_graph": 0.0067729949951171875,
            "1_unpack_graph": 0.006710052490234375,
            "2_aggregate_override": 0.00892186164855957,
            "3_join": 0.00860905647277832,
            "4_join": 0.008476018905639648,
            "5_concat": 0.006665945053100586,
            "6_filter": 0.015178918838500977,
            "7_aggregate_override": 0.0074651241302490234,
            "8_join": 0.009005069732666016,
            "9_filter": 0.01579904556274414,
            "10_fill": 0.0070912837982177734,
            "11_merge": 0.00835728645324707,
            "12_copy": 0.007214069366455078,
            "13_select": 0.007637977600097656
        },
        "join_text_units_to_entity_ids": {
            "overall": 0.03336596488952637,
            "0_select": 0.007911920547485352,
            "1_unroll": 0.00959920883178711,
            "2_aggregate_override": 0.008722066879272461
        },
        "create_final_relationships": {
            "overall": 0.1400599479675293,
            "0_unpack_graph": 0.008760929107666016,
            "1_filter": 0.01781606674194336,
            "2_rename": 0.008432865142822266,
            "3_filter": 0.018118858337402344,
            "4_drop": 0.008339166641235352,
            "5_compute_edge_combined_degree": 0.040927886962890625,
            "6_convert": 0.020713090896606445,
            "7_convert": 0.008816003799438477
        },
        "join_text_units_to_relationship_ids": {
            "overall": 0.04702281951904297,
            "0_select": 0.009190797805786133,
            "1_unroll": 0.009689092636108398,
            "2_aggregate_override": 0.010198116302490234,
            "3_select": 0.009277820587158203
        },
        "create_final_community_reports": {
            "overall": 0.08553004264831543,
            "0_prepare_community_reports_nodes": 0.010306119918823242,
            "1_prepare_community_reports_edges": 0.009942054748535156,
            "2_restore_community_hierarchy": 0.011141777038574219,
            "3_prepare_community_reports": 0.02035689353942871,
            "4_create_community_reports": 0.014203310012817383,
            "5_window": 0.010473966598510742
        },
        "create_final_text_units": {
            "overall": 0.07901597023010254,
            "0_select": 0.010541915893554688,
            "1_rename": 0.010751008987426758,
            "2_join": 0.012087821960449219,
            "3_join": 0.012644052505493164,
            "4_aggregate_override": 0.012261152267456055,
            "5_select": 0.01073312759399414
        },
        "create_base_documents": {
            "overall": 0.1311500072479248,
            "0_unroll": 0.011405229568481445,
            "1_select": 0.011110067367553711,
            "2_rename": 0.01143193244934082,
            "3_join": 0.01273798942565918,
            "4_aggregate_override": 0.011960744857788086,
            "5_join": 0.014474868774414062,
            "6_rename": 0.011664867401123047,
            "7_convert": 0.0358729362487793
        },
        "create_final_documents": {
            "overall": 0.023694753646850586,
            "0_rename": 0.012077093124389648
        }
    }
}