{
    "total_runtime": 158.7273290157318,
    "num_documents": 31,
    "input_load_time": 0,
    "workflows": {
        "create_base_text_units": {
            "overall": 0.1917130947113037,
            "0_orderby": 0.0019838809967041016,
            "1_zip": 0.0019898414611816406,
            "2_aggregate_override": 0.003535747528076172,
            "3_chunk": 0.15765857696533203,
            "4_select": 0.00238800048828125,
            "5_unroll": 0.0031096935272216797,
            "6_rename": 0.0022192001342773438,
            "7_genid": 0.0038557052612304688,
            "8_unzip": 0.0027837753295898438,
            "9_copy": 0.0024139881134033203,
            "10_filter": 0.008030176162719727
        },
        "create_base_extracted_entities": {
            "overall": 82.53809642791748,
            "0_entity_extract": 82.459876537323,
            "1_snapshot": 0.023795127868652344,
            "2_merge_graphs": 0.04645371437072754,
            "3_snapshot_rows": 0.0048863887786865234
        },
        "create_summarized_entities": {
            "overall": 11.885265350341797,
            "0_summarize_descriptions": 11.874301195144653,
            "1_snapshot_rows": 0.0073053836822509766
        },
        "create_base_entity_graph": {
            "overall": 2.355062961578369,
            "0_cluster_graph": 0.12798070907592773,
            "1_snapshot_rows": 0.00931549072265625,
            "2_embed_graph": 2.1972668170928955,
            "3_snapshot_rows": 0.011810302734375,
            "4_select": 0.004658222198486328
        },
        "create_final_entities": {
            "overall": 2.9347007274627686,
            "0_unpack_graph": 0.04947471618652344,
            "1_rename": 0.0052700042724609375,
            "2_select": 0.005049228668212891,
            "3_dedupe": 0.005363941192626953,
            "4_rename": 0.00511932373046875,
            "5_filter": 0.014183759689331055,
            "6_text_split": 0.008514165878295898,
            "7_drop": 0.0056459903717041016,
            "8_merge": 0.03747677803039551,
            "9_text_embed": 2.762761116027832,
            "10_drop": 0.012945890426635742,
            "11_filter": 0.01771092414855957
        },
        "create_final_nodes": {
            "overall": 9.305049419403076,
            "0_layout_graph": 8.854458332061768,
            "1_unpack_graph": 0.055393218994140625,
            "2_unpack_graph": 0.29299259185791016,
            "3_drop": 0.007436990737915039,
            "4_filter": 0.02241349220275879,
            "5_select": 0.007170915603637695,
            "6_snapshot": 0.008267641067504883,
            "7_rename": 0.00714421272277832,
            "8_convert": 0.0232694149017334,
            "9_join": 0.011793851852416992,
            "10_rename": 0.007770538330078125
        },
        "create_final_communities": {
            "overall": 0.33740830421447754,
            "0_unpack_graph": 0.05337929725646973,
            "1_unpack_graph": 0.05168890953063965,
            "2_aggregate_override": 0.01013326644897461,
            "3_join": 0.013820648193359375,
            "4_join": 0.013541936874389648,
            "5_concat": 0.00876474380493164,
            "6_filter": 0.08840656280517578,
            "7_aggregate_override": 0.013901233673095703,
            "8_join": 0.011806488037109375,
            "9_filter": 0.020801305770874023,
            "10_fill": 0.009080171585083008,
            "11_merge": 0.014618635177612305,
            "12_copy": 0.009378671646118164,
            "13_select": 0.009474039077758789
        },
        "join_text_units_to_entity_ids": {
            "overall": 0.042654991149902344,
            "0_select": 0.009952068328857422,
            "1_unroll": 0.01083993911743164,
            "2_aggregate_override": 0.011865854263305664
        },
        "create_final_relationships": {
            "overall": 0.225266695022583,
            "0_unpack_graph": 0.06884908676147461,
            "1_filter": 0.029796361923217773,
            "2_rename": 0.010596275329589844,
            "3_filter": 0.0304718017578125,
            "4_drop": 0.010796308517456055,
            "5_compute_edge_combined_degree": 0.013098955154418945,
            "6_convert": 0.022267580032348633,
            "7_convert": 0.011267900466918945
        },
        "join_text_units_to_relationship_ids": {
            "overall": 0.08967351913452148,
            "0_select": 0.04026675224304199,
            "1_unroll": 0.012497186660766602,
            "2_aggregate_override": 0.013496875762939453,
            "3_select": 0.011798858642578125
        },
        "create_final_community_reports": {
            "overall": 43.72706198692322,
            "0_prepare_community_reports_nodes": 0.029283523559570312,
            "1_prepare_community_reports_edges": 0.022716283798217773,
            "2_restore_community_hierarchy": 0.022567033767700195,
            "3_prepare_community_reports": 0.208604097366333,
            "4_create_community_reports": 43.40829110145569,
            "5_window": 0.018054962158203125
        },
        "create_final_text_units": {
            "overall": 0.10523033142089844,
            "0_select": 0.013045072555541992,
            "1_rename": 0.012886524200439453,
            "2_join": 0.016060829162597656,
            "3_join": 0.01612114906311035,
            "4_aggregate_override": 0.014796733856201172,
            "5_select": 0.018786907196044922
        },
        "create_base_documents": {
            "overall": 0.16642451286315918,
            "0_unroll": 0.014972925186157227,
            "1_select": 0.013932466506958008,
            "2_rename": 0.014055967330932617,
            "3_join": 0.016962289810180664,
            "4_aggregate_override": 0.01557016372680664,
            "5_join": 0.017256498336791992,
            "6_rename": 0.014752388000488281,
            "7_convert": 0.04465627670288086
        },
        "create_final_documents": {
            "overall": 0.030181884765625,
            "0_rename": 0.014925956726074219
        }
    }
}