{
    "total_runtime": 26.274171113967896,
    "num_documents": 3,
    "input_load_time": 0,
    "workflows": {
        "create_base_text_units": {
            "overall": 0.1194767951965332,
            "0_orderby": 0.0015170574188232422,
            "1_zip": 0.001317739486694336,
            "2_aggregate_override": 0.002955913543701172,
            "3_chunk": 0.08973217010498047,
            "4_select": 0.0033669471740722656,
            "5_unroll": 0.004111051559448242,
            "6_rename": 0.00177001953125,
            "7_genid": 0.001789093017578125,
            "8_unzip": 0.0019140243530273438,
            "9_copy": 0.0017552375793457031,
            "10_filter": 0.008185148239135742
        },
        "create_base_extracted_entities": {
            "overall": 0.03032708168029785,
            "0_entity_extract": 0.01770496368408203,
            "1_snapshot": 0.0030977725982666016,
            "2_merge_graphs": 0.004361867904663086,
            "3_snapshot_rows": 0.0029702186584472656
        },
        "create_summarized_entities": {
            "overall": 0.017132997512817383,
            "0_summarize_descriptions": 0.010792016983032227,
            "1_snapshot_rows": 0.003679037094116211
        },
        "create_base_entity_graph": {
            "overall": 0.06688284873962402,
            "0_cluster_graph": 0.011988162994384766,
            "1_snapshot_rows": 0.004088163375854492,
            "2_embed_graph": 0.03986001014709473,
            "3_snapshot_rows": 0.004241943359375,
            "4_select": 0.0038061141967773438
        },
        "create_final_entities": {
            "overall": 0.09058094024658203,
            "0_unpack_graph": 0.005301952362060547,
            "1_rename": 0.003657817840576172,
            "2_select": 0.003772735595703125,
            "3_dedupe": 0.005449056625366211,
            "4_rename": 0.004575967788696289,
            "5_filter": 0.009940147399902344,
            "6_text_split": 0.005807161331176758,
            "7_drop": 0.004415035247802734,
            "8_merge": 0.006417036056518555,
            "9_text_embed": 0.021597862243652344,
            "10_drop": 0.004755973815917969,
            "11_filter": 0.011236906051635742
        },
        "create_final_nodes": {
            "overall": 2.8153300285339355,
            "0_layout_graph": 2.721585988998413,
            "1_unpack_graph": 0.008663177490234375,
            "2_unpack_graph": 0.006946086883544922,
            "3_filter": 0.012791872024536133,
            "4_drop": 0.005593776702880859,
            "5_select": 0.005588054656982422,
            "6_snapshot": 0.0065898895263671875,
            "7_rename": 0.005597114562988281,
            "8_convert": 0.02072596549987793,
            "9_join": 0.01020503044128418,
            "10_rename": 0.006267070770263672
        },
        "create_final_communities": {
            "overall": 0.13474774360656738,
            "0_unpack_graph": 0.007816791534423828,
            "1_unpack_graph": 0.008298873901367188,
            "2_aggregate_override": 0.008719682693481445,
            "3_join": 0.008640050888061523,
            "4_join": 0.008213043212890625,
            "5_concat": 0.00696110725402832,
            "6_filter": 0.015675067901611328,
            "7_aggregate_override": 0.00794076919555664,
            "8_join": 0.009274005889892578,
            "9_filter": 0.01620793342590332,
            "10_fill": 0.007252931594848633,
            "11_merge": 0.00823974609375,
            "12_copy": 0.007960081100463867,
            "13_select": 0.007467031478881836
        },
        "join_text_units_to_entity_ids": {
            "overall": 0.03313612937927246,
            "0_select": 0.007858037948608398,
            "1_unroll": 0.008544921875,
            "2_aggregate_override": 0.009199857711791992
        },
        "create_final_relationships": {
            "overall": 0.11314201354980469,
            "0_unpack_graph": 0.010281801223754883,
            "1_filter": 0.018998146057128906,
            "2_rename": 0.008581876754760742,
            "3_filter": 0.019773244857788086,
            "4_drop": 0.008849859237670898,
            "5_compute_edge_combined_degree": 0.010370016098022461,
            "6_convert": 0.018640995025634766,
            "7_convert": 0.009488105773925781
        },
        "join_text_units_to_relationship_ids": {
            "overall": 0.04765582084655762,
            "0_select": 0.009723186492919922,
            "1_unroll": 0.009640932083129883,
            "2_aggregate_override": 0.010127067565917969,
            "3_select": 0.009337186813354492
        },
        "create_final_community_reports": {
            "overall": 21.006796836853027,
            "0_prepare_community_reports_nodes": 0.010416746139526367,
            "1_prepare_community_reports_edges": 0.009798049926757812,
            "2_restore_community_hierarchy": 0.011114835739135742,
            "3_prepare_community_reports": 0.026582002639770508,
            "4_create_community_reports": 20.92340612411499,
            "5_window": 0.016073942184448242
        },
        "create_final_text_units": {
            "overall": 0.09043693542480469,
            "0_select": 0.01091766357421875,
            "1_rename": 0.010374069213867188,
            "2_join": 0.012238025665283203,
            "3_join": 0.01889801025390625,
            "4_aggregate_override": 0.016835927963256836,
            "5_select": 0.010937929153442383
        },
        "create_base_documents": {
            "overall": 0.13117694854736328,
            "0_unroll": 0.011347055435180664,
            "1_select": 0.011453866958618164,
            "2_rename": 0.011142253875732422,
            "3_join": 0.013045072555541992,
            "4_aggregate_override": 0.012123346328735352,
            "5_join": 0.014182090759277344,
            "6_rename": 0.01125025749206543,
            "7_convert": 0.03609895706176758
        },
        "create_final_documents": {
            "overall": 0.02324199676513672,
            "0_rename": 0.011891841888427734
        }
    }
}