{
    "total_runtime": 97.82950353622437,
    "num_documents": 30,
    "input_load_time": 0,
    "workflows": {
        "create_base_text_units": {
            "overall": 0.19639134407043457,
            "0_orderby": 0.0019021034240722656,
            "1_zip": 0.0019941329956054688,
            "2_aggregate_override": 0.0035085678100585938,
            "3_chunk": 0.15646052360534668,
            "4_select": 0.002379179000854492,
            "5_unroll": 0.0075376033782958984,
            "6_rename": 0.002617359161376953,
            "7_genid": 0.004023075103759766,
            "8_unzip": 0.0028526782989501953,
            "9_copy": 0.0024492740631103516,
            "10_filter": 0.008820295333862305
        },
        "create_base_extracted_entities": {
            "overall": 37.95719814300537,
            "0_entity_extract": 37.878252267837524,
            "1_snapshot": 0.02308964729309082,
            "2_merge_graphs": 0.04757237434387207,
            "3_snapshot_rows": 0.005156278610229492
        },
        "create_summarized_entities": {
            "overall": 6.8789753913879395,
            "0_summarize_descriptions": 6.869021892547607,
            "1_snapshot_rows": 0.006264686584472656
        },
        "create_base_entity_graph": {
            "overall": 1.5756783485412598,
            "0_cluster_graph": 0.11040592193603516,
            "1_snapshot_rows": 0.008270025253295898,
            "2_embed_graph": 1.4387590885162354,
            "3_snapshot_rows": 0.008846044540405273,
            "4_select": 0.0047435760498046875
        },
        "create_final_entities": {
            "overall": 1.199983835220337,
            "0_unpack_graph": 0.04674530029296875,
            "1_rename": 0.005629539489746094,
            "2_select": 0.005205631256103516,
            "3_dedupe": 0.00545501708984375,
            "4_rename": 0.005212545394897461,
            "5_filter": 0.014249801635742188,
            "6_text_split": 0.009428262710571289,
            "7_drop": 0.0066907405853271484,
            "8_merge": 0.035897016525268555,
            "9_text_embed": 1.031315803527832,
            "10_drop": 0.012670040130615234,
            "11_filter": 0.016234636306762695
        },
        "create_final_nodes": {
            "overall": 8.981686115264893,
            "0_layout_graph": 8.77202844619751,
            "1_unpack_graph": 0.04758787155151367,
            "2_unpack_graph": 0.05121874809265137,
            "3_drop": 0.007487058639526367,
            "4_filter": 0.0235137939453125,
            "5_select": 0.00843501091003418,
            "6_snapshot": 0.010098457336425781,
            "7_rename": 0.00750422477722168,
            "8_join": 0.011761903762817383,
            "9_convert": 0.02554631233215332,
            "10_rename": 0.009400367736816406
        },
        "create_final_communities": {
            "overall": 0.3238058090209961,
            "0_unpack_graph": 0.04634904861450195,
            "1_unpack_graph": 0.0465540885925293,
            "2_aggregate_override": 0.010311603546142578,
            "3_join": 0.015685081481933594,
            "4_join": 0.015472650527954102,
            "5_concat": 0.009790420532226562,
            "6_filter": 0.07541990280151367,
            "7_aggregate_override": 0.013520479202270508,
            "8_join": 0.012078285217285156,
            "9_filter": 0.024249792098999023,
            "10_fill": 0.010787010192871094,
            "11_merge": 0.014053821563720703,
            "12_copy": 0.009665727615356445,
            "13_select": 0.009844303131103516
        },
        "join_text_units_to_entity_ids": {
            "overall": 0.04566669464111328,
            "0_select": 0.010964155197143555,
            "1_unroll": 0.01105809211730957,
            "2_aggregate_override": 0.011980772018432617
        },
        "create_final_relationships": {
            "overall": 0.20064234733581543,
            "0_unpack_graph": 0.05036520957946777,
            "1_filter": 0.03146719932556152,
            "2_rename": 0.012694597244262695,
            "3_filter": 0.029654741287231445,
            "4_drop": 0.01219630241394043,
            "5_compute_edge_combined_degree": 0.015537023544311523,
            "6_convert": 0.0244295597076416,
            "7_convert": 0.011514425277709961
        },
        "join_text_units_to_relationship_ids": {
            "overall": 0.06672358512878418,
            "0_select": 0.011795520782470703,
            "1_unroll": 0.013155460357666016,
            "2_aggregate_override": 0.01578807830810547,
            "3_select": 0.01426243782043457
        },
        "create_final_community_reports": {
            "overall": 35.6221079826355,
            "0_prepare_community_reports_nodes": 0.022879838943481445,
            "1_prepare_community_reports_edges": 0.01811361312866211,
            "2_restore_community_hierarchy": 0.016476869583129883,
            "3_prepare_community_reports": 0.1933581829071045,
            "4_create_community_reports": 35.3374445438385,
            "5_window": 0.021063804626464844
        },
        "create_final_text_units": {
            "overall": 0.10363245010375977,
            "0_select": 0.013507366180419922,
            "1_rename": 0.01348114013671875,
            "2_join": 0.016669511795043945,
            "3_join": 0.01662445068359375,
            "4_aggregate_override": 0.015560150146484375,
            "5_select": 0.014125823974609375
        },
        "create_base_documents": {
            "overall": 0.18729877471923828,
            "0_unroll": 0.015196084976196289,
            "1_select": 0.014493227005004883,
            "2_rename": 0.014606952667236328,
            "3_join": 0.01732468605041504,
            "4_aggregate_override": 0.015807628631591797,
            "5_join": 0.03418231010437012,
            "6_rename": 0.015394449234008789,
            "7_convert": 0.04579901695251465
        },
        "create_final_documents": {
            "overall": 0.03073596954345703,
            "0_rename": 0.01535487174987793
        }
    }
}