{
    "total_runtime": 110.08605170249939,
    "num_documents": 30,
    "input_load_time": 0,
    "workflows": {
        "create_base_text_units": {
            "overall": 0.21786117553710938,
            "0_orderby": 0.0020194053649902344,
            "1_zip": 0.00200653076171875,
            "2_aggregate_override": 0.0035762786865234375,
            "3_chunk": 0.1824202537536621,
            "4_select": 0.0030503273010253906,
            "5_unroll": 0.003214120864868164,
            "6_rename": 0.002161264419555664,
            "7_genid": 0.004269599914550781,
            "8_unzip": 0.0027658939361572266,
            "9_copy": 0.002409219741821289,
            "10_filter": 0.008067607879638672
        },
        "create_base_extracted_entities": {
            "overall": 43.749202251434326,
            "0_entity_extract": 43.668846130371094,
            "1_snapshot": 0.024144649505615234,
            "2_merge_graphs": 0.04715609550476074,
            "3_snapshot_rows": 0.0059375762939453125
        },
        "create_summarized_entities": {
            "overall": 9.542174339294434,
            "0_summarize_descriptions": 9.533390283584595,
            "1_snapshot_rows": 0.005146026611328125
        },
        "create_base_entity_graph": {
            "overall": 1.4559016227722168,
            "0_cluster_graph": 0.12102079391479492,
            "1_snapshot_rows": 0.00709080696105957,
            "2_embed_graph": 1.3115041255950928,
            "3_snapshot_rows": 0.006945371627807617,
            "4_select": 0.004601478576660156
        },
        "create_final_entities": {
            "overall": 1.4697418212890625,
            "0_unpack_graph": 0.045441389083862305,
            "1_rename": 0.0051534175872802734,
            "2_select": 0.0051119327545166016,
            "3_dedupe": 0.006003856658935547,
            "4_rename": 0.005923032760620117,
            "5_filter": 0.016125202178955078,
            "6_text_split": 0.009807348251342773,
            "7_drop": 0.005670309066772461,
            "8_merge": 0.03676295280456543,
            "9_text_embed": 1.303884744644165,
            "10_drop": 0.0072138309478759766,
            "11_filter": 0.01668548583984375
        },
        "create_final_nodes": {
            "overall": 9.074592351913452,
            "0_layout_graph": 8.87614107131958,
            "1_unpack_graph": 0.048065900802612305,
            "2_unpack_graph": 0.04860568046569824,
            "3_filter": 0.021547555923461914,
            "4_drop": 0.007177114486694336,
            "5_select": 0.006897687911987305,
            "6_snapshot": 0.008426666259765625,
            "7_rename": 0.007221698760986328,
            "8_join": 0.011615753173828125,
            "9_convert": 0.02373528480529785,
            "10_rename": 0.007830142974853516
        },
        "create_final_communities": {
            "overall": 0.30842089653015137,
            "0_unpack_graph": 0.046988725662231445,
            "1_unpack_graph": 0.04461312294006348,
            "2_aggregate_override": 0.010092496871948242,
            "3_join": 0.013951778411865234,
            "4_join": 0.013376235961914062,
            "5_concat": 0.008713483810424805,
            "6_filter": 0.07466936111450195,
            "7_aggregate_override": 0.01337432861328125,
            "8_join": 0.011735677719116211,
            "9_filter": 0.02043914794921875,
            "10_fill": 0.00906515121459961,
            "11_merge": 0.013737916946411133,
            "12_copy": 0.009485483169555664,
            "13_select": 0.009516000747680664
        },
        "join_text_units_to_entity_ids": {
            "overall": 0.04276609420776367,
            "0_select": 0.00995182991027832,
            "1_unroll": 0.010796308517456055,
            "2_aggregate_override": 0.011852264404296875
        },
        "create_final_relationships": {
            "overall": 0.20109820365905762,
            "0_unpack_graph": 0.05442404747009277,
            "1_filter": 0.028120040893554688,
            "2_rename": 0.010705709457397461,
            "3_filter": 0.029249906539916992,
            "4_drop": 0.010816812515258789,
            "5_compute_edge_combined_degree": 0.013553380966186523,
            "6_convert": 0.022578716278076172,
            "7_convert": 0.011419534683227539
        },
        "join_text_units_to_relationship_ids": {
            "overall": 0.06466364860534668,
            "0_select": 0.01323246955871582,
            "1_unroll": 0.012609481811523438,
            "2_aggregate_override": 0.013363838195800781,
            "3_select": 0.011889934539794922
        },
        "create_final_community_reports": {
            "overall": 38.94409108161926,
            "0_prepare_community_reports_nodes": 0.028035879135131836,
            "1_prepare_community_reports_edges": 0.02628612518310547,
            "2_restore_community_hierarchy": 0.01631474494934082,
            "3_prepare_community_reports": 0.19089961051940918,
            "4_create_community_reports": 38.623228788375854,
            "5_window": 0.04670548439025879
        },
        "create_final_text_units": {
            "overall": 0.1000058650970459,
            "0_select": 0.013117313385009766,
            "1_rename": 0.012954950332641602,
            "2_join": 0.015991687774658203,
            "3_join": 0.016023874282836914,
            "4_aggregate_override": 0.01487421989440918,
            "5_select": 0.013640642166137695
        },
        "create_base_documents": {
            "overall": 0.1654491424560547,
            "0_unroll": 0.01475977897644043,
            "1_select": 0.014049291610717773,
            "2_rename": 0.014171123504638672,
            "3_join": 0.016879796981811523,
            "4_aggregate_override": 0.015459775924682617,
            "5_join": 0.017175674438476562,
            "6_rename": 0.014592170715332031,
            "7_convert": 0.04426908493041992
        },
        "create_final_documents": {
            "overall": 0.030168533325195312,
            "0_rename": 0.014842033386230469
        }
    }
}