{
    "total_runtime": 174.9722397327423,
    "num_documents": 4,
    "input_load_time": 0,
    "workflows": {
        "create_base_text_units": {
            "overall": 0.2358555793762207,
            "0_orderby": 0.0023441314697265625,
            "1_zip": 0.0024890899658203125,
            "2_aggregate_override": 0.004492044448852539,
            "3_chunk": 0.19448328018188477,
            "4_select": 0.0032448768615722656,
            "5_unroll": 0.0038862228393554688,
            "6_rename": 0.0028007030487060547,
            "7_genid": 0.004274606704711914,
            "8_unzip": 0.003305196762084961,
            "9_copy": 0.002887248992919922,
            "10_filter": 0.009701251983642578
        },
        "create_base_extracted_entities": {
            "overall": 49.88425016403198,
            "0_entity_extract": 49.785175800323486,
            "1_snapshot": 0.03044605255126953,
            "2_merge_graphs": 0.05829882621765137,
            "3_snapshot_rows": 0.006115436553955078
        },
        "create_summarized_entities": {
            "overall": 12.279931783676147,
            "0_summarize_descriptions": 12.256104707717896,
            "1_snapshot_rows": 0.01651477813720703
        },
        "create_base_entity_graph": {
            "overall": 5.3357391357421875,
            "0_cluster_graph": 0.4185295104980469,
            "1_snapshot_rows": 0.020177364349365234,
            "2_embed_graph": 4.853744029998779,
            "3_snapshot_rows": 0.021664857864379883,
            "4_select": 0.011853933334350586
        },
        "create_final_entities": {
            "overall": 3.3535423278808594,
            "0_unpack_graph": 0.2001667022705078,
            "1_rename": 0.007647514343261719,
            "2_select": 0.007243156433105469,
            "3_dedupe": 0.013296365737915039,
            "4_rename": 0.006870269775390625,
            "5_filter": 0.02894282341003418,
            "6_text_split": 0.019827842712402344,
            "7_drop": 0.017304420471191406,
            "8_merge": 0.08868813514709473,
            "9_text_embed": 2.829484462738037,
            "10_drop": 0.019274473190307617,
            "11_filter": 0.04842185974121094
        },
        "create_final_nodes": {
            "overall": 14.35765552520752,
            "0_layout_graph": 13.87207317352295,
            "1_unpack_graph": 0.14542436599731445,
            "2_unpack_graph": 0.11857318878173828,
            "3_filter": 0.032547712326049805,
            "4_drop": 0.009735345840454102,
            "5_select": 0.009361743927001953,
            "6_snapshot": 0.011408567428588867,
            "7_rename": 0.02493739128112793,
            "8_join": 0.03149580955505371,
            "9_convert": 0.06486058235168457,
            "10_rename": 0.016433000564575195
        },
        "create_final_communities": {
            "overall": 0.8128232955932617,
            "0_unpack_graph": 0.1694774627685547,
            "1_unpack_graph": 0.22213172912597656,
            "2_aggregate_override": 0.027829885482788086,
            "3_join": 0.029564857482910156,
            "4_join": 0.023441076278686523,
            "5_concat": 0.016582727432250977,
            "6_filter": 0.1852245330810547,
            "7_aggregate_override": 0.018299579620361328,
            "8_join": 0.014811992645263672,
            "9_filter": 0.026482105255126953,
            "10_fill": 0.011335611343383789,
            "11_merge": 0.019614219665527344,
            "12_copy": 0.011459827423095703,
            "13_select": 0.011924505233764648
        },
        "join_text_units_to_entity_ids": {
            "overall": 0.10179519653320312,
            "0_select": 0.02611088752746582,
            "1_unroll": 0.029670238494873047,
            "2_aggregate_override": 0.019238710403442383
        },
        "create_final_relationships": {
            "overall": 0.4981198310852051,
            "0_unpack_graph": 0.2364656925201416,
            "1_filter": 0.09813475608825684,
            "2_rename": 0.021566390991210938,
            "3_filter": 0.0389401912689209,
            "4_drop": 0.014028787612915039,
            "5_compute_edge_combined_degree": 0.016765832901000977,
            "6_convert": 0.028301715850830078,
            "7_convert": 0.014246463775634766
        },
        "join_text_units_to_relationship_ids": {
            "overall": 0.13895297050476074,
            "0_select": 0.03195047378540039,
            "1_unroll": 0.018359661102294922,
            "2_aggregate_override": 0.023667097091674805,
            "3_select": 0.031167268753051758
        },
        "create_final_community_reports": {
            "overall": 78.96739625930786,
            "0_prepare_community_reports_nodes": 0.05706334114074707,
            "1_prepare_community_reports_edges": 0.02203512191772461,
            "2_restore_community_hierarchy": 0.021059751510620117,
            "3_prepare_community_reports": 0.4166524410247803,
            "4_create_community_reports": 78.38034749031067,
            "5_window": 0.030663490295410156
        },
        "create_final_text_units": {
            "overall": 0.16512465476989746,
            "0_select": 0.02092719078063965,
            "1_rename": 0.020243406295776367,
            "2_join": 0.02457141876220703,
            "3_join": 0.023623228073120117,
            "4_aggregate_override": 0.021793603897094727,
            "5_select": 0.020099163055419922
        },
        "create_base_documents": {
            "overall": 0.23736810684204102,
            "0_unroll": 0.021310806274414062,
            "1_select": 0.020204544067382812,
            "2_rename": 0.020263671875,
            "3_join": 0.02410125732421875,
            "4_aggregate_override": 0.02195119857788086,
            "5_join": 0.024327993392944336,
            "6_rename": 0.02085256576538086,
            "7_convert": 0.06405282020568848
        },
        "create_final_documents": {
            "overall": 0.07598876953125,
            "0_rename": 0.03656935691833496
        }
    }
}