{
    "total_runtime": 98.75730490684509,
    "num_documents": 29,
    "input_load_time": 0,
    "workflows": {
        "create_base_text_units": {
            "overall": 0.1873180866241455,
            "0_orderby": 0.001903533935546875,
            "1_zip": 0.001990079879760742,
            "2_aggregate_override": 0.0034809112548828125,
            "3_chunk": 0.1536405086517334,
            "4_select": 0.002322673797607422,
            "5_unroll": 0.0030617713928222656,
            "6_rename": 0.002204418182373047,
            "7_genid": 0.003863811492919922,
            "8_unzip": 0.002746105194091797,
            "9_copy": 0.00238037109375,
            "10_filter": 0.007974624633789062
        },
        "create_base_extracted_entities": {
            "overall": 27.51542377471924,
            "0_entity_extract": 27.4438738822937,
            "1_snapshot": 0.019930124282836914,
            "2_merge_graphs": 0.04359889030456543,
            "3_snapshot_rows": 0.004802227020263672
        },
        "create_summarized_entities": {
            "overall": 4.8528642654418945,
            "0_summarize_descriptions": 4.8397111892700195,
            "1_snapshot_rows": 0.009407281875610352
        },
        "create_base_entity_graph": {
            "overall": 2.350496530532837,
            "0_cluster_graph": 0.12269973754882812,
            "1_snapshot_rows": 0.010502338409423828,
            "2_embed_graph": 2.1878225803375244,
            "3_snapshot_rows": 0.014307737350463867,
            "4_select": 0.011022806167602539
        },
        "create_final_entities": {
            "overall": 0.9619393348693848,
            "0_unpack_graph": 0.04797720909118652,
            "1_rename": 0.005160093307495117,
            "2_select": 0.005026102066040039,
            "3_dedupe": 0.005284309387207031,
            "4_rename": 0.005163908004760742,
            "5_filter": 0.01408696174621582,
            "6_text_split": 0.007915496826171875,
            "7_drop": 0.005615949630737305,
            "8_merge": 0.03148460388183594,
            "9_text_embed": 0.7907910346984863,
            "10_drop": 0.006188392639160156,
            "11_filter": 0.032048940658569336
        },
        "create_final_nodes": {
            "overall": 9.603545665740967,
            "0_layout_graph": 9.176307201385498,
            "1_unpack_graph": 0.05531668663024902,
            "2_unpack_graph": 0.2704329490661621,
            "3_filter": 0.02269124984741211,
            "4_drop": 0.007063150405883789,
            "5_select": 0.006902456283569336,
            "6_snapshot": 0.00811147689819336,
            "7_rename": 0.0071065425872802734,
            "8_convert": 0.023095130920410156,
            "9_join": 0.01183009147644043,
            "10_rename": 0.00775456428527832
        },
        "create_final_communities": {
            "overall": 0.3660130500793457,
            "0_unpack_graph": 0.05185198783874512,
            "1_unpack_graph": 0.0504758358001709,
            "2_aggregate_override": 0.010042905807495117,
            "3_join": 0.014336824417114258,
            "4_join": 0.014219522476196289,
            "5_concat": 0.008854389190673828,
            "6_filter": 0.12072896957397461,
            "7_aggregate_override": 0.012845993041992188,
            "8_join": 0.01183772087097168,
            "9_filter": 0.020408153533935547,
            "10_fill": 0.008988142013549805,
            "11_merge": 0.013465404510498047,
            "12_copy": 0.009299755096435547,
            "13_select": 0.009488344192504883
        },
        "join_text_units_to_entity_ids": {
            "overall": 0.04210352897644043,
            "0_select": 0.009732246398925781,
            "1_unroll": 0.010781526565551758,
            "2_aggregate_override": 0.011595487594604492
        },
        "create_final_relationships": {
            "overall": 0.22116971015930176,
            "0_unpack_graph": 0.06749892234802246,
            "1_filter": 0.02971792221069336,
            "2_rename": 0.010586738586425781,
            "3_filter": 0.03080916404724121,
            "4_drop": 0.010967016220092773,
            "5_compute_edge_combined_degree": 0.013201713562011719,
            "6_convert": 0.022219419479370117,
            "7_convert": 0.011067867279052734
        },
        "join_text_units_to_relationship_ids": {
            "overall": 0.0603184700012207,
            "0_select": 0.011374235153198242,
            "1_unroll": 0.012372255325317383,
            "2_aggregate_override": 0.013304948806762695,
            "3_select": 0.011737346649169922
        },
        "create_final_community_reports": {
            "overall": 47.6233172416687,
            "0_prepare_community_reports_nodes": 0.021023273468017578,
            "1_prepare_community_reports_edges": 0.015172243118286133,
            "2_restore_community_hierarchy": 0.015907764434814453,
            "3_prepare_community_reports": 0.16993117332458496,
            "4_create_community_reports": 47.370004653930664,
            "5_window": 0.01856088638305664
        },
        "create_final_text_units": {
            "overall": 0.10001158714294434,
            "0_select": 0.013072490692138672,
            "1_rename": 0.012969255447387695,
            "2_join": 0.01626300811767578,
            "3_join": 0.01607036590576172,
            "4_aggregate_override": 0.014757394790649414,
            "5_select": 0.013551950454711914
        },
        "create_base_documents": {
            "overall": 0.20193696022033691,
            "0_unroll": 0.014726400375366211,
            "1_select": 0.013911724090576172,
            "2_rename": 0.014096736907958984,
            "3_join": 0.01670384407043457,
            "4_aggregate_override": 0.015522956848144531,
            "5_join": 0.017052412033081055,
            "6_rename": 0.01462411880493164,
            "7_convert": 0.08116936683654785
        },
        "create_final_documents": {
            "overall": 0.030050039291381836,
            "0_rename": 0.014906644821166992
        }
    }
}