{
    "total_runtime": 72.76854133605957,
    "num_documents": 29,
    "input_load_time": 0,
    "workflows": {
        "create_base_text_units": {
            "overall": 0.19049930572509766,
            "0_orderby": 0.0019392967224121094,
            "1_zip": 0.0020453929901123047,
            "2_aggregate_override": 0.003499746322631836,
            "3_chunk": 0.15698838233947754,
            "4_select": 0.0023910999298095703,
            "5_unroll": 0.0031023025512695312,
            "6_rename": 0.002247333526611328,
            "7_genid": 0.0033981800079345703,
            "8_unzip": 0.002758026123046875,
            "9_copy": 0.0023651123046875,
            "10_filter": 0.007999420166015625
        },
        "create_base_extracted_entities": {
            "overall": 10.289886474609375,
            "0_entity_extract": 10.229269742965698,
            "1_snapshot": 0.014171361923217773,
            "2_merge_graphs": 0.03874778747558594,
            "3_snapshot_rows": 0.0047605037689208984
        },
        "create_summarized_entities": {
            "overall": 1.9606049060821533,
            "0_summarize_descriptions": 1.9407570362091064,
            "1_snapshot_rows": 0.01617145538330078
        },
        "create_base_entity_graph": {
            "overall": 1.665269374847412,
            "0_cluster_graph": 0.11182641983032227,
            "1_snapshot_rows": 0.012097358703613281,
            "2_embed_graph": 1.512117624282837,
            "3_snapshot_rows": 0.013057470321655273,
            "4_select": 0.010862112045288086
        },
        "create_final_entities": {
            "overall": 0.8800950050354004,
            "0_unpack_graph": 0.03851604461669922,
            "1_rename": 0.005049228668212891,
            "2_select": 0.005092620849609375,
            "3_dedupe": 0.005387067794799805,
            "4_rename": 0.005129814147949219,
            "5_filter": 0.01390838623046875,
            "6_text_split": 0.008033990859985352,
            "7_drop": 0.0057888031005859375,
            "8_merge": 0.033822059631347656,
            "9_text_embed": 0.7304401397705078,
            "10_drop": 0.006757974624633789,
            "11_filter": 0.017075061798095703
        },
        "create_final_nodes": {
            "overall": 8.934757947921753,
            "0_layout_graph": 8.74248456954956,
            "1_unpack_graph": 0.04596972465515137,
            "2_unpack_graph": 0.04549527168273926,
            "3_drop": 0.007210254669189453,
            "4_filter": 0.021633625030517578,
            "5_select": 0.0070683956146240234,
            "6_snapshot": 0.007977485656738281,
            "7_rename": 0.007113218307495117,
            "8_convert": 0.023387908935546875,
            "9_join": 0.011664628982543945,
            "10_rename": 0.007863283157348633
        },
        "create_final_communities": {
            "overall": 0.3059971332550049,
            "0_unpack_graph": 0.04398846626281738,
            "1_unpack_graph": 0.04344511032104492,
            "2_aggregate_override": 0.010150909423828125,
            "3_join": 0.013288497924804688,
            "4_join": 0.01317739486694336,
            "5_concat": 0.008730411529541016,
            "6_filter": 0.07489275932312012,
            "7_aggregate_override": 0.01340627670288086,
            "8_join": 0.012087345123291016,
            "9_filter": 0.02073359489440918,
            "10_fill": 0.009163856506347656,
            "11_merge": 0.015065908432006836,
            "12_copy": 0.009391307830810547,
            "13_select": 0.00954580307006836
        },
        "join_text_units_to_entity_ids": {
            "overall": 0.04381370544433594,
            "0_select": 0.00994729995727539,
            "1_unroll": 0.010776281356811523,
            "2_aggregate_override": 0.013048410415649414
        },
        "create_final_relationships": {
            "overall": 0.20095276832580566,
            "0_unpack_graph": 0.05096149444580078,
            "1_filter": 0.03197836875915527,
            "2_rename": 0.01081228256225586,
            "3_filter": 0.03237199783325195,
            "4_drop": 0.011387825012207031,
            "5_compute_edge_combined_degree": 0.013361454010009766,
            "6_convert": 0.024621248245239258,
            "7_convert": 0.012942314147949219
        },
        "join_text_units_to_relationship_ids": {
            "overall": 0.07839488983154297,
            "0_select": 0.012363672256469727,
            "1_unroll": 0.014884710311889648,
            "2_aggregate_override": 0.026855945587158203,
            "3_select": 0.012537002563476562
        },
        "create_final_community_reports": {
            "overall": 43.27386140823364,
            "0_prepare_community_reports_nodes": 0.025246620178222656,
            "1_prepare_community_reports_edges": 0.019716501235961914,
            "2_restore_community_hierarchy": 0.02046656608581543,
            "3_prepare_community_reports": 0.17877840995788574,
            "4_create_community_reports": 42.991615295410156,
            "5_window": 0.02008676528930664
        },
        "create_final_text_units": {
            "overall": 0.11970710754394531,
            "0_select": 0.013244152069091797,
            "1_rename": 0.01338052749633789,
            "2_join": 0.03376150131225586,
            "3_join": 0.016713857650756836,
            "4_aggregate_override": 0.01517033576965332,
            "5_select": 0.013994932174682617
        },
        "create_base_documents": {
            "overall": 0.16773629188537598,
            "0_unroll": 0.015019416809082031,
            "1_select": 0.014251947402954102,
            "2_rename": 0.014371871948242188,
            "3_join": 0.017110347747802734,
            "4_aggregate_override": 0.01554417610168457,
            "5_join": 0.017330408096313477,
            "6_rename": 0.014740943908691406,
            "7_convert": 0.04492831230163574
        },
        "create_final_documents": {
            "overall": 0.0390315055847168,
            "0_rename": 0.019628524780273438
        }
    }
}