{
    "total_runtime": 145.98776006698608,
    "num_documents": 31,
    "input_load_time": 0,
    "workflows": {
        "create_base_text_units": {
            "overall": 0.18996262550354004,
            "0_orderby": 0.0018401145935058594,
            "1_zip": 0.001993894577026367,
            "2_aggregate_override": 0.0034716129302978516,
            "3_chunk": 0.1559450626373291,
            "4_select": 0.0024156570434570312,
            "5_unroll": 0.0032384395599365234,
            "6_rename": 0.0022003650665283203,
            "7_genid": 0.003847360610961914,
            "8_unzip": 0.0027570724487304688,
            "9_copy": 0.0023927688598632812,
            "10_filter": 0.008066415786743164
        },
        "create_base_extracted_entities": {
            "overall": 74.41470909118652,
            "0_entity_extract": 74.33001923561096,
            "1_snapshot": 0.02395462989807129,
            "2_merge_graphs": 0.05208396911621094,
            "3_snapshot_rows": 0.005540609359741211
        },
        "create_summarized_entities": {
            "overall": 8.97567105293274,
            "0_summarize_descriptions": 8.965829610824585,
            "1_snapshot_rows": 0.006209373474121094
        },
        "create_base_entity_graph": {
            "overall": 2.1902029514312744,
            "0_cluster_graph": 0.1421046257019043,
            "1_snapshot_rows": 0.009071588516235352,
            "2_embed_graph": 2.023359537124634,
            "3_snapshot_rows": 0.007022380828857422,
            "4_select": 0.004536628723144531
        },
        "create_final_entities": {
            "overall": 1.313154935836792,
            "0_unpack_graph": 0.05976223945617676,
            "1_rename": 0.010405540466308594,
            "2_select": 0.006551504135131836,
            "3_dedupe": 0.006134033203125,
            "4_rename": 0.0058917999267578125,
            "5_filter": 0.017339468002319336,
            "6_text_split": 0.008981466293334961,
            "7_drop": 0.005620479583740234,
            "8_merge": 0.044229984283447266,
            "9_text_embed": 1.1189327239990234,
            "10_drop": 0.006261348724365234,
            "11_filter": 0.01735663414001465
        },
        "create_final_nodes": {
            "overall": 9.523629903793335,
            "0_layout_graph": 9.049433708190918,
            "1_unpack_graph": 0.29813075065612793,
            "2_unpack_graph": 0.06424164772033691,
            "3_drop": 0.0072553157806396484,
            "4_filter": 0.03184080123901367,
            "5_select": 0.007336616516113281,
            "6_snapshot": 0.008182048797607422,
            "7_rename": 0.007157325744628906,
            "8_convert": 0.023258209228515625,
            "9_join": 0.0117950439453125,
            "10_rename": 0.007848739624023438
        },
        "create_final_communities": {
            "overall": 0.393552303314209,
            "0_unpack_graph": 0.06633329391479492,
            "1_unpack_graph": 0.059720516204833984,
            "2_aggregate_override": 0.011760711669921875,
            "3_join": 0.015584230422973633,
            "4_join": 0.014049053192138672,
            "5_concat": 0.008954763412475586,
            "6_filter": 0.1129767894744873,
            "7_aggregate_override": 0.014116764068603516,
            "8_join": 0.011802196502685547,
            "9_filter": 0.023526906967163086,
            "10_fill": 0.01061105728149414,
            "11_merge": 0.016315937042236328,
            "12_copy": 0.009412288665771484,
            "13_select": 0.009425878524780273
        },
        "join_text_units_to_entity_ids": {
            "overall": 0.045835018157958984,
            "0_select": 0.011402130126953125,
            "1_unroll": 0.011136770248413086,
            "2_aggregate_override": 0.011749744415283203
        },
        "create_final_relationships": {
            "overall": 0.22257280349731445,
            "0_unpack_graph": 0.06841468811035156,
            "1_filter": 0.03390383720397949,
            "2_rename": 0.010716676712036133,
            "3_filter": 0.03459644317626953,
            "4_drop": 0.012369632720947266,
            "5_compute_edge_combined_degree": 0.013222694396972656,
            "6_convert": 0.02286839485168457,
            "7_convert": 0.013743400573730469
        },
        "join_text_units_to_relationship_ids": {
            "overall": 0.06491661071777344,
            "0_select": 0.013401031494140625,
            "1_unroll": 0.012697458267211914,
            "2_aggregate_override": 0.013378620147705078,
            "3_select": 0.011907339096069336
        },
        "create_final_community_reports": {
            "overall": 43.38929224014282,
            "0_prepare_community_reports_nodes": 0.021277427673339844,
            "1_prepare_community_reports_edges": 0.017915964126586914,
            "2_restore_community_hierarchy": 0.0197906494140625,
            "3_prepare_community_reports": 0.23490190505981445,
            "4_create_community_reports": 43.06748628616333,
            "5_window": 0.013323545455932617
        },
        "create_final_text_units": {
            "overall": 0.10645890235900879,
            "0_select": 0.01305389404296875,
            "1_rename": 0.01499176025390625,
            "2_join": 0.018681764602661133,
            "3_join": 0.016636133193969727,
            "4_aggregate_override": 0.014829635620117188,
            "5_select": 0.0147552490234375
        },
        "create_base_documents": {
            "overall": 0.18059802055358887,
            "0_unroll": 0.016785144805908203,
            "1_select": 0.013900279998779297,
            "2_rename": 0.014158010482788086,
            "3_join": 0.019086122512817383,
            "4_aggregate_override": 0.018128156661987305,
            "5_join": 0.01745295524597168,
            "6_rename": 0.014683246612548828,
            "7_convert": 0.049788713455200195
        },
        "create_final_documents": {
            "overall": 0.030232906341552734,
            "0_rename": 0.014916419982910156
        }
    }
}