{
    "total_runtime": 281.54783821105957,
    "num_documents": 277,
    "input_load_time": 0,
    "workflows": {
        "create_base_text_units": {
            "overall": 0.2667546272277832,
            "0_orderby": 0.0020208358764648438,
            "1_zip": 0.0020418167114257812,
            "2_aggregate_override": 0.0052165985107421875,
            "3_chunk": 0.22510886192321777,
            "4_select": 0.0025942325592041016,
            "5_unroll": 0.0031921863555908203,
            "6_rename": 0.002140045166015625,
            "7_genid": 0.007930517196655273,
            "8_unzip": 0.0028913021087646484,
            "9_copy": 0.002374410629272461,
            "10_filter": 0.009497880935668945
        },
        "create_base_extracted_entities": {
            "overall": 110.40859723091125,
            "0_entity_extract": 110.23091673851013,
            "1_snapshot": 0.051366329193115234,
            "2_merge_graphs": 0.11544251441955566,
            "3_snapshot_rows": 0.00730133056640625
        },
        "create_summarized_entities": {
            "overall": 29.687044143676758,
            "0_summarize_descriptions": 29.67574644088745,
            "1_snapshot_rows": 0.007444858551025391
        },
        "create_base_entity_graph": {
            "overall": 13.391261100769043,
            "0_cluster_graph": 1.1540958881378174,
            "1_snapshot_rows": 0.0260770320892334,
            "2_embed_graph": 12.17479658126831,
            "3_snapshot_rows": 0.022778034210205078,
            "4_select": 0.009238958358764648
        },
        "create_final_entities": {
            "overall": 2.9293200969696045,
            "0_unpack_graph": 0.586449146270752,
            "1_rename": 0.00568699836730957,
            "2_select": 0.005322933197021484,
            "3_dedupe": 0.005687236785888672,
            "4_rename": 0.005154132843017578,
            "5_filter": 0.018142223358154297,
            "6_text_split": 0.01296377182006836,
            "7_drop": 0.005822420120239258,
            "8_merge": 0.08200383186340332,
            "9_text_embed": 2.1588354110717773,
            "10_drop": 0.010389566421508789,
            "11_filter": 0.020223140716552734
        },
        "create_final_nodes": {
            "overall": 18.027174472808838,
            "0_layout_graph": 15.876837253570557,
            "1_unpack_graph": 1.0103089809417725,
            "2_unpack_graph": 1.000535011291504,
            "3_drop": 0.00823211669921875,
            "4_filter": 0.04510974884033203,
            "5_select": 0.008280515670776367,
            "6_snapshot": 0.01067042350769043,
            "7_rename": 0.007246732711791992,
            "8_convert": 0.023553848266601562,
            "9_join": 0.014573335647583008,
            "10_rename": 0.008341789245605469
        },
        "create_final_communities": {
            "overall": 2.547257661819458,
            "0_unpack_graph": 0.6430473327636719,
            "1_unpack_graph": 0.963463306427002,
            "2_aggregate_override": 0.010884761810302734,
            "3_join": 0.035474538803100586,
            "4_join": 0.0322115421295166,
            "5_concat": 0.01200723648071289,
            "6_filter": 0.7231066226959229,
            "7_aggregate_override": 0.026984214782714844,
            "8_join": 0.012278556823730469,
            "9_filter": 0.02361464500427246,
            "10_fill": 0.009107828140258789,
            "11_merge": 0.025876522064208984,
            "12_copy": 0.00946044921875,
            "13_select": 0.009542703628540039
        },
        "join_text_units_to_entity_ids": {
            "overall": 0.06983470916748047,
            "0_select": 0.01842951774597168,
            "1_unroll": 0.011250495910644531,
            "2_aggregate_override": 0.016015052795410156
        },
        "create_final_relationships": {
            "overall": 0.8641619682312012,
            "0_unpack_graph": 0.6451313495635986,
            "1_filter": 0.05149650573730469,
            "2_rename": 0.011122941970825195,
            "3_filter": 0.06790041923522949,
            "4_drop": 0.011245489120483398,
            "5_compute_edge_combined_degree": 0.016505002975463867,
            "6_convert": 0.02306652069091797,
            "7_convert": 0.011726140975952148
        },
        "join_text_units_to_relationship_ids": {
            "overall": 0.0665290355682373,
            "0_select": 0.011415958404541016,
            "1_unroll": 0.013210058212280273,
            "2_aggregate_override": 0.018370389938354492,
            "3_select": 0.011929035186767578
        },
        "create_final_community_reports": {
            "overall": 93.91304969787598,
            "0_prepare_community_reports_nodes": 0.049889326095581055,
            "1_prepare_community_reports_edges": 0.02449798583984375,
            "2_restore_community_hierarchy": 0.02629709243774414,
            "3_prepare_community_reports": 0.6187741756439209,
            "4_create_community_reports": 93.14259314537048,
            "5_window": 0.02018284797668457
        },
        "create_final_text_units": {
            "overall": 0.10032224655151367,
            "0_select": 0.013030290603637695,
            "1_rename": 0.012877941131591797,
            "2_join": 0.016286134719848633,
            "3_join": 0.016211748123168945,
            "4_aggregate_override": 0.014884471893310547,
            "5_select": 0.013607263565063477
        },
        "create_base_documents": {
            "overall": 0.16758036613464355,
            "0_unroll": 0.015010833740234375,
            "1_select": 0.013988494873046875,
            "2_rename": 0.013911247253417969,
            "3_join": 0.017789363861083984,
            "4_aggregate_override": 0.017136812210083008,
            "5_join": 0.01708245277404785,
            "6_rename": 0.014508247375488281,
            "7_convert": 0.04395174980163574
        },
        "create_final_documents": {
            "overall": 0.030382633209228516,
            "0_rename": 0.014833211898803711
        }
    }
}