{
    "total_runtime": 292.9683287143707,
    "num_documents": 30,
    "input_load_time": 0,
    "workflows": {
        "create_base_text_units": {
            "overall": 0.17915034294128418,
            "0_orderby": 0.0019681453704833984,
            "1_zip": 0.002012014389038086,
            "2_aggregate_override": 0.0035872459411621094,
            "3_chunk": 0.14600157737731934,
            "4_select": 0.0023572444915771484,
            "5_unroll": 0.003132343292236328,
            "6_rename": 0.0021851062774658203,
            "7_genid": 0.0030014514923095703,
            "8_unzip": 0.002758502960205078,
            "9_copy": 0.002375364303588867,
            "10_filter": 0.008004188537597656
        },
        "create_base_extracted_entities": {
            "overall": 148.4673728942871,
            "0_entity_extract": 148.38345575332642,
            "1_snapshot": 0.02320075035095215,
            "2_merge_graphs": 0.05187630653381348,
            "3_snapshot_rows": 0.005728006362915039
        },
        "create_summarized_entities": {
            "overall": 14.481621026992798,
            "0_summarize_descriptions": 14.471013307571411,
            "1_snapshot_rows": 0.0068476200103759766
        },
        "create_base_entity_graph": {
            "overall": 3.55060076713562,
            "0_cluster_graph": 0.38774871826171875,
            "1_snapshot_rows": 0.014067888259887695,
            "2_embed_graph": 3.1191484928131104,
            "3_snapshot_rows": 0.014433145523071289,
            "4_select": 0.0110931396484375
        },
        "create_final_entities": {
            "overall": 1.4186530113220215,
            "0_unpack_graph": 0.11493301391601562,
            "1_rename": 0.0049397945404052734,
            "2_select": 0.0051229000091552734,
            "3_dedupe": 0.005455732345581055,
            "4_rename": 0.005186796188354492,
            "5_filter": 0.015371084213256836,
            "6_text_split": 0.009042501449584961,
            "7_drop": 0.005674600601196289,
            "8_merge": 0.04097270965576172,
            "9_text_embed": 1.175706148147583,
            "10_drop": 0.006654977798461914,
            "11_filter": 0.017806291580200195
        },
        "create_final_nodes": {
            "overall": 10.49783182144165,
            "0_layout_graph": 9.973508834838867,
            "1_unpack_graph": 0.31514906883239746,
            "2_unpack_graph": 0.09516310691833496,
            "3_drop": 0.007611751556396484,
            "4_filter": 0.02634906768798828,
            "5_select": 0.007173776626586914,
            "6_snapshot": 0.008762359619140625,
            "7_rename": 0.007222890853881836,
            "8_join": 0.011960268020629883,
            "9_convert": 0.02415156364440918,
            "10_rename": 0.007880926132202148
        },
        "create_final_communities": {
            "overall": 0.7853467464447021,
            "0_unpack_graph": 0.08954381942749023,
            "1_unpack_graph": 0.3126966953277588,
            "2_aggregate_override": 0.010322809219360352,
            "3_join": 0.017824411392211914,
            "4_join": 0.017494916915893555,
            "5_concat": 0.009379148483276367,
            "6_filter": 0.22893452644348145,
            "7_aggregate_override": 0.014567852020263672,
            "8_join": 0.011919498443603516,
            "9_filter": 0.02118706703186035,
            "10_fill": 0.00910329818725586,
            "11_merge": 0.014427900314331055,
            "12_copy": 0.009396553039550781,
            "13_select": 0.009647846221923828
        },
        "join_text_units_to_entity_ids": {
            "overall": 0.04244256019592285,
            "0_select": 0.009839773178100586,
            "1_unroll": 0.010848522186279297,
            "2_aggregate_override": 0.011752128601074219
        },
        "create_final_relationships": {
            "overall": 0.24851107597351074,
            "0_unpack_graph": 0.0939645767211914,
            "1_filter": 0.033867597579956055,
            "2_rename": 0.01090383529663086,
            "3_filter": 0.03964519500732422,
            "4_drop": 0.011085748672485352,
            "5_compute_edge_combined_degree": 0.013543367385864258,
            "6_convert": 0.02273249626159668,
            "7_convert": 0.011539459228515625
        },
        "join_text_units_to_relationship_ids": {
            "overall": 0.06122422218322754,
            "0_select": 0.011618614196777344,
            "1_unroll": 0.012500524520874023,
            "2_aggregate_override": 0.013282537460327148,
            "3_select": 0.011982440948486328
        },
        "create_final_community_reports": {
            "overall": 107.72763395309448,
            "0_prepare_community_reports_nodes": 0.024329185485839844,
            "1_prepare_community_reports_edges": 0.018233060836791992,
            "2_restore_community_hierarchy": 0.016555309295654297,
            "3_prepare_community_reports": 0.22508454322814941,
            "4_create_community_reports": 107.40980744361877,
            "5_window": 0.020607471466064453
        },
        "create_final_text_units": {
            "overall": 0.10043478012084961,
            "0_select": 0.01321554183959961,
            "1_rename": 0.013077020645141602,
            "2_join": 0.016201019287109375,
            "3_join": 0.016256332397460938,
            "4_aggregate_override": 0.014869928359985352,
            "5_select": 0.013702869415283203
        },
        "create_base_documents": {
            "overall": 0.16640877723693848,
            "0_unroll": 0.014870405197143555,
            "1_select": 0.014080524444580078,
            "2_rename": 0.014137744903564453,
            "3_join": 0.016908884048461914,
            "4_aggregate_override": 0.015532732009887695,
            "5_join": 0.017154932022094727,
            "6_rename": 0.014826297760009766,
            "7_convert": 0.044585466384887695
        },
        "create_final_documents": {
            "overall": 0.030310869216918945,
            "0_rename": 0.01501917839050293
        }
    }
}