{
    "total_runtime": 71.9455337524414,
    "num_documents": 1,
    "input_load_time": 0,
    "workflows": {
        "create_base_text_units": {
            "overall": 0.180009126663208,
            "0_orderby": 0.0018832683563232422,
            "1_zip": 0.0020294189453125,
            "2_aggregate_override": 0.003406524658203125,
            "3_chunk": 0.1463477611541748,
            "4_select": 0.002461671829223633,
            "5_unroll": 0.0032477378845214844,
            "6_rename": 0.00226593017578125,
            "7_genid": 0.0030660629272460938,
            "8_unzip": 0.002820253372192383,
            "9_copy": 0.0024514198303222656,
            "10_filter": 0.008141756057739258
        },
        "create_base_extracted_entities": {
            "overall": 47.83735918998718,
            "0_entity_extract": 47.769949436187744,
            "1_snapshot": 0.02341294288635254,
            "2_merge_graphs": 0.03624272346496582,
            "3_snapshot_rows": 0.004685878753662109
        },
        "create_summarized_entities": {
            "overall": 2.457442283630371,
            "0_summarize_descriptions": 2.443337917327881,
            "1_snapshot_rows": 0.010462760925292969
        },
        "create_base_entity_graph": {
            "overall": 0.09353041648864746,
            "0_cluster_graph": 0.031644582748413086,
            "1_snapshot_rows": 0.0059430599212646484,
            "2_embed_graph": 0.0413973331451416,
            "3_snapshot_rows": 0.0058591365814208984,
            "4_select": 0.004566192626953125
        },
        "create_final_entities": {
            "overall": 0.9529323577880859,
            "0_unpack_graph": 0.013848066329956055,
            "1_rename": 0.004988908767700195,
            "2_select": 0.005087614059448242,
            "3_dedupe": 0.005269050598144531,
            "4_rename": 0.005141019821166992,
            "5_filter": 0.0142059326171875,
            "6_text_split": 0.007854461669921875,
            "7_drop": 0.0057408809661865234,
            "8_merge": 0.0305783748626709,
            "9_text_embed": 0.832040548324585,
            "10_drop": 0.006500959396362305,
            "11_filter": 0.016724109649658203
        },
        "create_final_nodes": {
            "overall": 6.495267152786255,
            "0_layout_graph": 6.366863250732422,
            "1_unpack_graph": 0.015433311462402344,
            "2_unpack_graph": 0.014870166778564453,
            "3_filter": 0.0177004337310791,
            "4_drop": 0.0070645809173583984,
            "5_select": 0.007099151611328125,
            "6_snapshot": 0.008718252182006836,
            "7_rename": 0.007375955581665039,
            "8_convert": 0.02385878562927246,
            "9_join": 0.011719226837158203,
            "10_rename": 0.007805347442626953
        },
        "create_final_communities": {
            "overall": 0.20993828773498535,
            "0_unpack_graph": 0.016775131225585938,
            "1_unpack_graph": 0.015810251235961914,
            "2_aggregate_override": 0.00981283187866211,
            "3_join": 0.011774539947509766,
            "4_join": 0.011512517929077148,
            "5_concat": 0.008625030517578125,
            "6_filter": 0.021928071975708008,
            "7_aggregate_override": 0.010744571685791016,
            "8_join": 0.011678934097290039,
            "9_filter": 0.02052021026611328,
            "10_fill": 0.009182214736938477,
            "11_merge": 0.015463829040527344,
            "12_copy": 0.0283203125,
            "13_select": 0.00953984260559082
        },
        "join_text_units_to_entity_ids": {
            "overall": 0.04230952262878418,
            "0_select": 0.00986337661743164,
            "1_unroll": 0.010995864868164062,
            "2_aggregate_override": 0.011352777481079102
        },
        "create_final_relationships": {
            "overall": 0.14550304412841797,
            "0_unpack_graph": 0.019635677337646484,
            "1_filter": 0.024418354034423828,
            "2_rename": 0.010558605194091797,
            "3_filter": 0.022678136825561523,
            "4_drop": 0.010767698287963867,
            "5_compute_edge_combined_degree": 0.013164043426513672,
            "6_convert": 0.022440671920776367,
            "7_convert": 0.011235475540161133
        },
        "join_text_units_to_relationship_ids": {
            "overall": 0.06045031547546387,
            "0_select": 0.011553049087524414,
            "1_unroll": 0.012484550476074219,
            "2_aggregate_override": 0.01297450065612793,
            "3_select": 0.01179814338684082
        },
        "create_final_community_reports": {
            "overall": 9.80473017692566,
            "0_prepare_community_reports_nodes": 0.014565229415893555,
            "1_prepare_community_reports_edges": 0.014203071594238281,
            "2_restore_community_hierarchy": 0.014365911483764648,
            "3_prepare_community_reports": 0.030913591384887695,
            "4_create_community_reports": 9.697572708129883,
            "5_window": 0.020701169967651367
        },
        "create_final_text_units": {
            "overall": 0.10010504722595215,
            "0_select": 0.013291120529174805,
            "1_rename": 0.012957572937011719,
            "2_join": 0.016012907028198242,
            "3_join": 0.016150474548339844,
            "4_aggregate_override": 0.014802694320678711,
            "5_select": 0.013640642166137695
        },
        "create_base_documents": {
            "overall": 0.1509089469909668,
            "0_unroll": 0.014698266983032227,
            "1_select": 0.014072895050048828,
            "2_rename": 0.01412343978881836,
            "3_join": 0.016738176345825195,
            "4_aggregate_override": 0.015285730361938477,
            "5_join": 0.016988515853881836,
            "6_rename": 0.01490640640258789,
            "7_convert": 0.029808759689331055
        },
        "create_final_documents": {
            "overall": 0.03029489517211914,
            "0_rename": 0.014986753463745117
        }
    }
}