{
    "total_runtime": 1.0003180503845215,
    "num_documents": 15,
    "input_load_time": 0,
    "workflows": {
        "create_base_text_units": {
            "overall": 0.17728948593139648,
            "0_orderby": 0.0019996166229248047,
            "1_zip": 0.001988649368286133,
            "2_aggregate_override": 0.003449678421020508,
            "3_chunk": 0.1446218490600586,
            "4_select": 0.0023126602172851562,
            "5_unroll": 0.0031137466430664062,
            "6_rename": 0.0021805763244628906,
            "7_genid": 0.002856016159057617,
            "8_unzip": 0.002702474594116211,
            "9_copy": 0.0023488998413085938,
            "10_filter": 0.007938623428344727
        },
        "create_base_extracted_entities": {
            "overall": 0.2169935703277588,
            "0_entity_extract": 0.20105957984924316,
            "1_snapshot": 0.004332304000854492,
            "2_merge_graphs": 0.005027294158935547,
            "3_snapshot_rows": 0.003620147705078125
        },
        "create_summarized_entities": {
            "overall": 0.023834228515625,
            "0_summarize_descriptions": 0.015416622161865234,
            "1_snapshot_rows": 0.004767179489135742
        }
    }
}