{
    "total_runtime": 60.41444420814514,
    "num_documents": 22,
    "input_load_time": 0,
    "workflows": {
        "create_base_text_units": {
            "overall": 0.17075371742248535,
            "0_orderby": 0.0018761157989501953,
            "1_zip": 0.002046346664428711,
            "2_aggregate_override": 0.0034580230712890625,
            "3_chunk": 0.1379225254058838,
            "4_select": 0.002457141876220703,
            "5_unroll": 0.003119945526123047,
            "6_rename": 0.002229928970336914,
            "7_genid": 0.0026607513427734375,
            "8_unzip": 0.0028133392333984375,
            "9_copy": 0.002384185791015625,
            "10_filter": 0.00806427001953125
        },
        "create_base_extracted_entities": {
            "overall": 15.54842472076416,
            "0_entity_extract": 15.488043546676636,
            "1_snapshot": 0.01229095458984375,
            "2_merge_graphs": 0.029963970184326172,
            "3_snapshot_rows": 0.014980554580688477
        },
        "create_summarized_entities": {
            "overall": 1.755882740020752,
            "0_summarize_descriptions": 1.7413630485534668,
            "1_snapshot_rows": 0.010902643203735352
        },
        "create_base_entity_graph": {
            "overall": 0.45752739906311035,
            "0_cluster_graph": 0.030852079391479492,
            "1_snapshot_rows": 0.006402492523193359,
            "2_embed_graph": 0.4045522212982178,
            "3_snapshot_rows": 0.0062329769134521484,
            "4_select": 0.005244016647338867
        },
        "create_final_entities": {
            "overall": 0.8163559436798096,
            "0_unpack_graph": 0.013346672058105469,
            "1_rename": 0.005620241165161133,
            "2_select": 0.005725383758544922,
            "3_dedupe": 0.005980014801025391,
            "4_rename": 0.00583958625793457,
            "5_filter": 0.014259576797485352,
            "6_text_split": 0.006238222122192383,
            "7_drop": 0.005609750747680664,
            "8_merge": 0.012767791748046875,
            "9_text_embed": 0.7146377563476562,
            "10_drop": 0.006259441375732422,
            "11_filter": 0.015047788619995117
        },
        "create_final_nodes": {
            "overall": 7.527980327606201,
            "0_layout_graph": 7.398922443389893,
            "1_unpack_graph": 0.015758514404296875,
            "2_unpack_graph": 0.016720294952392578,
            "3_filter": 0.015877485275268555,
            "4_drop": 0.0069234371185302734,
            "5_select": 0.007101297378540039,
            "6_snapshot": 0.009294271469116211,
            "7_rename": 0.007169008255004883,
            "8_join": 0.011114120483398438,
            "9_convert": 0.02453780174255371,
            "10_rename": 0.007669925689697266
        },
        "create_final_communities": {
            "overall": 0.19741034507751465,
            "0_unpack_graph": 0.016453266143798828,
            "1_unpack_graph": 0.01598048210144043,
            "2_aggregate_override": 0.009778261184692383,
            "3_join": 0.013081550598144531,
            "4_join": 0.011768341064453125,
            "5_concat": 0.008591651916503906,
            "6_filter": 0.028502702713012695,
            "7_aggregate_override": 0.0113067626953125,
            "8_join": 0.012048959732055664,
            "9_filter": 0.020591259002685547,
            "10_fill": 0.009084701538085938,
            "11_merge": 0.012320280075073242,
            "12_copy": 0.00930476188659668,
            "13_select": 0.009485483169555664
        },
        "join_text_units_to_entity_ids": {
            "overall": 0.04187893867492676,
            "0_select": 0.009835958480834961,
            "1_unroll": 0.010511159896850586,
            "2_aggregate_override": 0.01143026351928711
        },
        "create_final_relationships": {
            "overall": 0.14696645736694336,
            "0_unpack_graph": 0.019517183303833008,
            "1_filter": 0.022967815399169922,
            "2_rename": 0.011629819869995117,
            "3_filter": 0.024680137634277344,
            "4_drop": 0.010933637619018555,
            "5_compute_edge_combined_degree": 0.013147830963134766,
            "6_convert": 0.022202730178833008,
            "7_convert": 0.011179208755493164
        },
        "join_text_units_to_relationship_ids": {
            "overall": 0.06011462211608887,
            "0_select": 0.0113525390625,
            "1_unroll": 0.012283086776733398,
            "2_aggregate_override": 0.013038158416748047,
            "3_select": 0.011774301528930664
        },
        "create_final_community_reports": {
            "overall": 29.645524263381958,
            "0_prepare_community_reports_nodes": 0.013867855072021484,
            "1_prepare_community_reports_edges": 0.013785600662231445,
            "2_restore_community_hierarchy": 0.014837026596069336,
            "3_prepare_community_reports": 0.0675053596496582,
            "4_create_community_reports": 29.50873613357544,
            "5_window": 0.013881206512451172
        },
        "create_final_text_units": {
            "overall": 0.10740494728088379,
            "0_select": 0.013405561447143555,
            "1_rename": 0.012994766235351562,
            "2_join": 0.016632795333862305,
            "3_join": 0.01860523223876953,
            "4_aggregate_override": 0.016744136810302734,
            "5_select": 0.013475179672241211
        },
        "create_base_documents": {
            "overall": 0.17680668830871582,
            "0_unroll": 0.014907121658325195,
            "1_select": 0.015539407730102539,
            "2_rename": 0.016392230987548828,
            "3_join": 0.0183103084564209,
            "4_aggregate_override": 0.01557612419128418,
            "5_join": 0.0188143253326416,
            "6_rename": 0.017187118530273438,
            "7_convert": 0.045708656311035156
        },
        "create_final_documents": {
            "overall": 0.03448367118835449,
            "0_rename": 0.016275405883789062
        }
    }
}