{
    "total_runtime": 118.80693030357361,
    "num_documents": 30,
    "input_load_time": 0,
    "workflows": {
        "create_base_text_units": {
            "overall": 0.19623279571533203,
            "0_orderby": 0.0019502639770507812,
            "1_zip": 0.001979827880859375,
            "2_aggregate_override": 0.003497600555419922,
            "3_chunk": 0.1618340015411377,
            "4_select": 0.002436399459838867,
            "5_unroll": 0.0031151771545410156,
            "6_rename": 0.0021600723266601562,
            "7_genid": 0.0043675899505615234,
            "8_unzip": 0.002756357192993164,
            "9_copy": 0.0023725032806396484,
            "10_filter": 0.007978439331054688
        },
        "create_base_extracted_entities": {
            "overall": 38.813982248306274,
            "0_entity_extract": 38.75627112388611,
            "1_snapshot": 0.011605501174926758,
            "2_merge_graphs": 0.037819862365722656,
            "3_snapshot_rows": 0.005281209945678711
        },
        "create_summarized_entities": {
            "overall": 12.30398154258728,
            "0_summarize_descriptions": 12.293899774551392,
            "1_snapshot_rows": 0.006384134292602539
        },
        "create_base_entity_graph": {
            "overall": 1.9674100875854492,
            "0_cluster_graph": 0.13170361518859863,
            "1_snapshot_rows": 0.008064746856689453,
            "2_embed_graph": 1.8077807426452637,
            "3_snapshot_rows": 0.0108184814453125,
            "4_select": 0.0046308040618896484
        },
        "create_final_entities": {
            "overall": 1.4196803569793701,
            "0_unpack_graph": 0.04781794548034668,
            "1_rename": 0.005068302154541016,
            "2_select": 0.005014657974243164,
            "3_dedupe": 0.005285024642944336,
            "4_rename": 0.005030155181884766,
            "5_filter": 0.013993024826049805,
            "6_text_split": 0.008625984191894531,
            "7_drop": 0.005681276321411133,
            "8_merge": 0.03730297088623047,
            "9_text_embed": 1.2541072368621826,
            "10_drop": 0.007200717926025391,
            "11_filter": 0.019381046295166016
        },
        "create_final_nodes": {
            "overall": 9.37610411643982,
            "0_layout_graph": 8.95119047164917,
            "1_unpack_graph": 0.05366635322570801,
            "2_unpack_graph": 0.269672155380249,
            "3_filter": 0.02249908447265625,
            "4_drop": 0.007122516632080078,
            "5_select": 0.006886959075927734,
            "6_snapshot": 0.008073806762695312,
            "7_rename": 0.007147789001464844,
            "8_convert": 0.02323460578918457,
            "9_join": 0.011671781539916992,
            "10_rename": 0.0076541900634765625
        },
        "create_final_communities": {
            "overall": 0.3493521213531494,
            "0_unpack_graph": 0.07196688652038574,
            "1_unpack_graph": 0.05018138885498047,
            "2_aggregate_override": 0.01007223129272461,
            "3_join": 0.013736486434936523,
            "4_join": 0.01332235336303711,
            "5_concat": 0.008776664733886719,
            "6_filter": 0.08294439315795898,
            "7_aggregate_override": 0.013845682144165039,
            "8_join": 0.012026786804199219,
            "9_filter": 0.02063894271850586,
            "10_fill": 0.009215116500854492,
            "11_merge": 0.01452183723449707,
            "12_copy": 0.009518623352050781,
            "13_select": 0.00955653190612793
        },
        "join_text_units_to_entity_ids": {
            "overall": 0.0428621768951416,
            "0_select": 0.00990748405456543,
            "1_unroll": 0.010881662368774414,
            "2_aggregate_override": 0.01202082633972168
        },
        "create_final_relationships": {
            "overall": 0.23049640655517578,
            "0_unpack_graph": 0.07552552223205566,
            "1_filter": 0.029972553253173828,
            "2_rename": 0.010480403900146484,
            "3_filter": 0.030933618545532227,
            "4_drop": 0.01094961166381836,
            "5_compute_edge_combined_degree": 0.01327967643737793,
            "6_convert": 0.02244281768798828,
            "7_convert": 0.01125335693359375
        },
        "join_text_units_to_relationship_ids": {
            "overall": 0.06111741065979004,
            "0_select": 0.011518239974975586,
            "1_unroll": 0.01251363754272461,
            "2_aggregate_override": 0.013702869415283203,
            "3_select": 0.011762857437133789
        },
        "create_final_community_reports": {
            "overall": 49.080259561538696,
            "0_prepare_community_reports_nodes": 0.02035689353942871,
            "1_prepare_community_reports_edges": 0.015882015228271484,
            "2_restore_community_hierarchy": 0.016312837600708008,
            "3_prepare_community_reports": 0.24477219581604004,
            "4_create_community_reports": 48.75503063201904,
            "5_window": 0.015065193176269531
        },
        "create_final_text_units": {
            "overall": 0.10744476318359375,
            "0_select": 0.014370203018188477,
            "1_rename": 0.012792825698852539,
            "2_join": 0.015869617462158203,
            "3_join": 0.018073081970214844,
            "4_aggregate_override": 0.017220735549926758,
            "5_select": 0.013680696487426758
        },
        "create_base_documents": {
            "overall": 0.17700862884521484,
            "0_unroll": 0.017111539840698242,
            "1_select": 0.016391277313232422,
            "2_rename": 0.013900995254516602,
            "3_join": 0.016503095626831055,
            "4_aggregate_override": 0.016798734664916992,
            "5_join": 0.019744873046875,
            "6_rename": 0.01495981216430664,
            "7_convert": 0.04749178886413574
        },
        "create_final_documents": {
            "overall": 0.034963130950927734,
            "0_rename": 0.017574787139892578
        }
    }
}