{
    "total_runtime": 146.36098909378052,
    "num_documents": 31,
    "input_load_time": 0,
    "workflows": {
        "create_base_text_units": {
            "overall": 0.20709681510925293,
            "0_orderby": 0.0018794536590576172,
            "1_zip": 0.001970529556274414,
            "2_aggregate_override": 0.0034737586975097656,
            "3_chunk": 0.17226886749267578,
            "4_select": 0.0024404525756835938,
            "5_unroll": 0.0030553340911865234,
            "6_rename": 0.0021753311157226562,
            "7_genid": 0.004953145980834961,
            "8_unzip": 0.002770662307739258,
            "9_copy": 0.002380847930908203,
            "10_filter": 0.007939815521240234
        },
        "create_base_extracted_entities": {
            "overall": 49.66353750228882,
            "0_entity_extract": 49.57209920883179,
            "1_snapshot": 0.028658390045166016,
            "2_merge_graphs": 0.05407309532165527,
            "3_snapshot_rows": 0.005591154098510742
        },
        "create_summarized_entities": {
            "overall": 15.342365264892578,
            "0_summarize_descriptions": 15.331557989120483,
            "1_snapshot_rows": 0.007071971893310547
        },
        "create_base_entity_graph": {
            "overall": 2.461773633956909,
            "0_cluster_graph": 0.13928794860839844,
            "1_snapshot_rows": 0.011024713516235352,
            "2_embed_graph": 2.2837133407592773,
            "3_snapshot_rows": 0.012465953826904297,
            "4_select": 0.01110529899597168
        },
        "create_final_entities": {
            "overall": 1.5374045372009277,
            "0_unpack_graph": 0.05158090591430664,
            "1_rename": 0.0051114559173583984,
            "2_select": 0.005016326904296875,
            "3_dedupe": 0.0053043365478515625,
            "4_rename": 0.005084037780761719,
            "5_filter": 0.013969182968139648,
            "6_text_split": 0.008581876754760742,
            "7_drop": 0.005653858184814453,
            "8_merge": 0.03813791275024414,
            "9_text_embed": 1.3671226501464844,
            "10_drop": 0.010441064834594727,
            "11_filter": 0.01612377166748047
        },
        "create_final_nodes": {
            "overall": 9.301229238510132,
            "0_layout_graph": 8.832676887512207,
            "1_unpack_graph": 0.07646846771240234,
            "2_unpack_graph": 0.2898528575897217,
            "3_filter": 0.022699832916259766,
            "4_drop": 0.0071446895599365234,
            "5_select": 0.00705409049987793,
            "6_snapshot": 0.008509159088134766,
            "7_rename": 0.007187604904174805,
            "8_convert": 0.023389577865600586,
            "9_join": 0.011697769165039062,
            "10_rename": 0.007768869400024414
        },
        "create_final_communities": {
            "overall": 0.3757364749908447,
            "0_unpack_graph": 0.056902408599853516,
            "1_unpack_graph": 0.07920098304748535,
            "2_aggregate_override": 0.01024627685546875,
            "3_join": 0.013892412185668945,
            "4_join": 0.013800382614135742,
            "5_concat": 0.008830785751342773,
            "6_filter": 0.09342455863952637,
            "7_aggregate_override": 0.014460563659667969,
            "8_join": 0.011972188949584961,
            "9_filter": 0.020708560943603516,
            "10_fill": 0.009164571762084961,
            "11_merge": 0.015167951583862305,
            "12_copy": 0.009423971176147461,
            "13_select": 0.009469985961914062
        },
        "join_text_units_to_entity_ids": {
            "overall": 0.04252791404724121,
            "0_select": 0.009761571884155273,
            "1_unroll": 0.010775327682495117,
            "2_aggregate_override": 0.011948347091674805
        },
        "create_final_relationships": {
            "overall": 0.22759485244750977,
            "0_unpack_graph": 0.07191705703735352,
            "1_filter": 0.029887914657592773,
            "2_rename": 0.010590076446533203,
            "3_filter": 0.031679391860961914,
            "4_drop": 0.011427164077758789,
            "5_compute_edge_combined_degree": 0.013098478317260742,
            "6_convert": 0.0224609375,
            "7_convert": 0.011155128479003906
        },
        "join_text_units_to_relationship_ids": {
            "overall": 0.06105327606201172,
            "0_select": 0.01141214370727539,
            "1_unroll": 0.012516021728515625,
            "2_aggregate_override": 0.013667583465576172,
            "3_select": 0.011848926544189453
        },
        "create_final_community_reports": {
            "overall": 61.99289059638977,
            "0_prepare_community_reports_nodes": 0.02114558219909668,
            "1_prepare_community_reports_edges": 0.016469717025756836,
            "2_restore_community_hierarchy": 0.016803503036499023,
            "3_prepare_community_reports": 0.25844740867614746,
            "4_create_community_reports": 61.63316369056702,
            "5_window": 0.019353389739990234
        },
        "create_final_text_units": {
            "overall": 0.09991455078125,
            "0_select": 0.012951135635375977,
            "1_rename": 0.012891292572021484,
            "2_join": 0.016102075576782227,
            "3_join": 0.016197919845581055,
            "4_aggregate_override": 0.014767885208129883,
            "5_select": 0.013490915298461914
        },
        "create_base_documents": {
            "overall": 0.16540265083312988,
            "0_unroll": 0.014712095260620117,
            "1_select": 0.014026880264282227,
            "2_rename": 0.014112710952758789,
            "3_join": 0.016761302947998047,
            "4_aggregate_override": 0.015407323837280273,
            "5_join": 0.017142057418823242,
            "6_rename": 0.014582633972167969,
            "7_convert": 0.04439806938171387
        },
        "create_final_documents": {
            "overall": 0.030509233474731445,
            "0_rename": 0.015049219131469727
        }
    }
}