{
    "total_runtime": 186.9585418701172,
    "num_documents": 4,
    "input_load_time": 0,
    "workflows": {
        "create_base_text_units": {
            "overall": 0.26982760429382324,
            "0_orderby": 0.0029768943786621094,
            "1_zip": 0.0029532909393310547,
            "2_aggregate_override": 0.004790782928466797,
            "3_chunk": 0.22124481201171875,
            "4_select": 0.0038230419158935547,
            "5_unroll": 0.004462242126464844,
            "6_rename": 0.0031270980834960938,
            "7_genid": 0.005078792572021484,
            "8_unzip": 0.003966331481933594,
            "9_copy": 0.0034377574920654297,
            "10_filter": 0.011456489562988281
        },
        "create_base_extracted_entities": {
            "overall": 98.97079014778137,
            "0_entity_extract": 98.88787865638733,
            "1_snapshot": 0.015210628509521484,
            "2_merge_graphs": 0.05648016929626465,
            "3_snapshot_rows": 0.0071010589599609375
        },
        "create_summarized_entities": {
            "overall": 13.211596250534058,
            "0_summarize_descriptions": 13.19841980934143,
            "1_snapshot_rows": 0.008053064346313477
        },
        "create_base_entity_graph": {
            "overall": 4.08989405632019,
            "0_cluster_graph": 0.323101282119751,
            "1_snapshot_rows": 0.01896524429321289,
            "2_embed_graph": 3.7153172492980957,
            "3_snapshot_rows": 0.020705461502075195,
            "4_select": 0.00658416748046875
        },
        "create_final_entities": {
            "overall": 2.8485565185546875,
            "0_unpack_graph": 0.08485078811645508,
            "1_rename": 0.007330894470214844,
            "2_select": 0.007130861282348633,
            "3_dedupe": 0.007448673248291016,
            "4_rename": 0.007047414779663086,
            "5_filter": 0.021205663681030273,
            "6_text_split": 0.013925790786743164,
            "7_drop": 0.007799386978149414,
            "8_merge": 0.0716404914855957,
            "9_text_embed": 2.563507318496704,
            "10_drop": 0.021521806716918945,
            "11_filter": 0.025035858154296875
        },
        "create_final_nodes": {
            "overall": 14.711775541305542,
            "0_layout_graph": 14.033610105514526,
            "1_unpack_graph": 0.09951329231262207,
            "2_unpack_graph": 0.3717198371887207,
            "3_filter": 0.037720680236816406,
            "4_drop": 0.010044336318969727,
            "5_select": 0.00976419448852539,
            "6_snapshot": 0.015168190002441406,
            "7_rename": 0.020861387252807617,
            "8_join": 0.03311872482299805,
            "9_convert": 0.0559687614440918,
            "10_rename": 0.011410713195800781
        },
        "create_final_communities": {
            "overall": 0.5388612747192383,
            "0_unpack_graph": 0.09316492080688477,
            "1_unpack_graph": 0.09099125862121582,
            "2_aggregate_override": 0.014341354370117188,
            "3_join": 0.020951509475708008,
            "4_join": 0.019815921783447266,
            "5_concat": 0.012260675430297852,
            "6_filter": 0.12938594818115234,
            "7_aggregate_override": 0.019507646560668945,
            "8_join": 0.016018390655517578,
            "9_filter": 0.028747081756591797,
            "10_fill": 0.012402534484863281,
            "11_merge": 0.02278757095336914,
            "12_copy": 0.013210535049438477,
            "13_select": 0.03286147117614746
        },
        "join_text_units_to_entity_ids": {
            "overall": 0.11336278915405273,
            "0_select": 0.028539180755615234,
            "1_unroll": 0.028053760528564453,
            "2_aggregate_override": 0.033339500427246094
        },
        "create_final_relationships": {
            "overall": 0.3678133487701416,
            "0_unpack_graph": 0.17281341552734375,
            "1_filter": 0.044644832611083984,
            "2_rename": 0.015060186386108398,
            "3_filter": 0.042374372482299805,
            "4_drop": 0.01500391960144043,
            "5_compute_edge_combined_degree": 0.017830610275268555,
            "6_convert": 0.02979254722595215,
            "7_convert": 0.015202045440673828
        },
        "join_text_units_to_relationship_ids": {
            "overall": 0.11845946311950684,
            "0_select": 0.030064105987548828,
            "1_unroll": 0.022954702377319336,
            "2_aggregate_override": 0.018357515335083008,
            "3_select": 0.016254901885986328
        },
        "create_final_community_reports": {
            "overall": 44.75793266296387,
            "0_prepare_community_reports_nodes": 0.14368033409118652,
            "1_prepare_community_reports_edges": 0.04061555862426758,
            "2_restore_community_hierarchy": 0.04810643196105957,
            "3_prepare_community_reports": 0.39814233779907227,
            "4_create_community_reports": 44.06203317642212,
            "5_window": 0.03307843208312988
        },
        "create_final_text_units": {
            "overall": 0.17168617248535156,
            "0_select": 0.026288270950317383,
            "1_rename": 0.019361019134521484,
            "2_join": 0.026474952697753906,
            "3_join": 0.022827863693237305,
            "4_aggregate_override": 0.021044492721557617,
            "5_select": 0.01945328712463379
        },
        "create_base_documents": {
            "overall": 0.2938821315765381,
            "0_unroll": 0.04290914535522461,
            "1_select": 0.032767534255981445,
            "2_rename": 0.021725177764892578,
            "3_join": 0.024525165557861328,
            "4_aggregate_override": 0.022427797317504883,
            "5_join": 0.02465987205505371,
            "6_rename": 0.02151036262512207,
            "7_convert": 0.06523704528808594
        },
        "create_final_documents": {
            "overall": 0.05209541320800781,
            "0_rename": 0.020915985107421875
        }
    }
}