{
    "total_runtime": 1.1564905643463135,
    "num_documents": 2,
    "input_load_time": 0,
    "workflows": {
        "create_base_text_units": {
            "overall": 0.5530719757080078,
            "0_orderby": 0.006460428237915039,
            "1_zip": 0.006876230239868164,
            "2_aggregate_override": 0.010772228240966797,
            "3_chunk": 0.4272763729095459,
            "4_select": 0.008250236511230469,
            "5_unroll": 0.010437250137329102,
            "6_rename": 0.00885915756225586,
            "7_genid": 0.009920358657836914,
            "8_unzip": 0.010812759399414062,
            "9_copy": 0.010400772094726562,
            "10_filter": 0.031796932220458984
        },
        "create_base_extracted_entities": {
            "overall": 0.11491107940673828,
            "0_entity_extract": 0.04824090003967285,
            "1_snapshot": 0.01580357551574707,
            "2_merge_graphs": 0.022228240966796875,
            "3_snapshot_rows": 0.0159609317779541
        }
    }
}