{
    "total_runtime": 27.52547836303711,
    "num_documents": 15,
    "input_load_time": 0,
    "workflows": {
        "create_base_text_units": {
            "overall": 0.17806220054626465,
            "0_orderby": 0.002141714096069336,
            "1_zip": 0.0021321773529052734,
            "2_aggregate_override": 0.003719806671142578,
            "3_chunk": 0.1435985565185547,
            "4_select": 0.002499818801879883,
            "5_unroll": 0.0033288002014160156,
            "6_rename": 0.002212047576904297,
            "7_genid": 0.0029184818267822266,
            "8_unzip": 0.002773284912109375,
            "9_copy": 0.0024034976959228516,
            "10_filter": 0.008346080780029297
        },
        "create_base_extracted_entities": {
            "overall": 0.08849310874938965,
            "0_entity_extract": 0.053141117095947266,
            "1_snapshot": 0.007393598556518555,
            "2_merge_graphs": 0.020234346389770508,
            "3_snapshot_rows": 0.004428386688232422
        },
        "create_summarized_entities": {
            "overall": 0.08350157737731934,
            "0_summarize_descriptions": 0.07317423820495605,
            "1_snapshot_rows": 0.006378889083862305
        },
        "create_base_entity_graph": {
            "overall": 1.393810510635376,
            "0_cluster_graph": 0.07433104515075684,
            "1_snapshot_rows": 0.009079456329345703,
            "2_embed_graph": 1.2834572792053223,
            "3_snapshot_rows": 0.013942241668701172,
            "4_select": 0.008872747421264648
        },
        "create_final_entities": {
            "overall": 0.31470727920532227,
            "0_unpack_graph": 0.03114032745361328,
            "1_rename": 0.005036830902099609,
            "2_select": 0.005112409591674805,
            "3_dedupe": 0.0052797794342041016,
            "4_rename": 0.005098819732666016,
            "5_filter": 0.014147758483886719,
            "6_text_split": 0.007578134536743164,
            "7_drop": 0.005710124969482422,
            "8_merge": 0.02777552604675293,
            "9_text_embed": 0.18013358116149902,
            "10_drop": 0.006600379943847656,
            "11_filter": 0.015794992446899414
        },
        "create_final_nodes": {
            "overall": 8.615201711654663,
            "0_layout_graph": 8.442795276641846,
            "1_unpack_graph": 0.03627467155456543,
            "2_unpack_graph": 0.03584480285644531,
            "3_drop": 0.007276773452758789,
            "4_filter": 0.020061731338500977,
            "5_select": 0.00718235969543457,
            "6_snapshot": 0.008629560470581055,
            "7_rename": 0.007250308990478516,
            "8_convert": 0.023426055908203125,
            "9_join": 0.011675834655761719,
            "10_rename": 0.007886171340942383
        },
        "create_final_communities": {
            "overall": 0.2636134624481201,
            "0_unpack_graph": 0.03530001640319824,
            "1_unpack_graph": 0.032953500747680664,
            "2_aggregate_override": 0.009921073913574219,
            "3_join": 0.012768745422363281,
            "4_join": 0.012662649154663086,
            "5_concat": 0.008747577667236328,
            "6_filter": 0.05761098861694336,
            "7_aggregate_override": 0.01192927360534668,
            "8_join": 0.011962413787841797,
            "9_filter": 0.020487308502197266,
            "10_fill": 0.009106159210205078,
            "11_merge": 0.011991262435913086,
            "12_copy": 0.00939798355102539,
            "13_select": 0.009569644927978516
        },
        "join_text_units_to_entity_ids": {
            "overall": 0.0422968864440918,
            "0_select": 0.00989222526550293,
            "1_unroll": 0.010786771774291992,
            "2_aggregate_override": 0.01133871078491211
        },
        "create_final_relationships": {
            "overall": 0.18458175659179688,
            "0_unpack_graph": 0.04167914390563965,
            "1_filter": 0.027312517166137695,
            "2_rename": 0.010685205459594727,
            "3_filter": 0.026643037796020508,
            "4_drop": 0.010877132415771484,
            "5_compute_edge_combined_degree": 0.013027667999267578,
            "6_convert": 0.022288084030151367,
            "7_convert": 0.01116633415222168
        },
        "join_text_units_to_relationship_ids": {
            "overall": 0.06055593490600586,
            "0_select": 0.011396169662475586,
            "1_unroll": 0.01252603530883789,
            "2_aggregate_override": 0.013047933578491211,
            "3_select": 0.01180720329284668
        },
        "create_final_community_reports": {
            "overall": 11.362894296646118,
            "0_prepare_community_reports_nodes": 0.020853281021118164,
            "1_prepare_community_reports_edges": 0.014493942260742188,
            "2_restore_community_hierarchy": 0.015211105346679688,
            "3_prepare_community_reports": 0.1153717041015625,
            "4_create_community_reports": 11.15512752532959,
            "5_window": 0.013121843338012695
        },
        "create_final_text_units": {
            "overall": 0.09964442253112793,
            "0_select": 0.012835502624511719,
            "1_rename": 0.012899160385131836,
            "2_join": 0.01605844497680664,
            "3_join": 0.016040563583374023,
            "4_aggregate_override": 0.014841794967651367,
            "5_select": 0.013593435287475586
        },
        "create_base_documents": {
            "overall": 0.1653122901916504,
            "0_unroll": 0.014664173126220703,
            "1_select": 0.014038801193237305,
            "2_rename": 0.014058589935302734,
            "3_join": 0.01679086685180664,
            "4_aggregate_override": 0.015328645706176758,
            "5_join": 0.016997814178466797,
            "6_rename": 0.014643669128417969,
            "7_convert": 0.04458761215209961
        },
        "create_final_documents": {
            "overall": 0.030793428421020508,
            "0_rename": 0.01485586166381836
        }
    }
}