{
    "total_runtime": 83.67751574516296,
    "num_documents": 29,
    "input_load_time": 0,
    "workflows": {
        "create_base_text_units": {
            "overall": 0.18158674240112305,
            "0_orderby": 0.001895904541015625,
            "1_zip": 0.001965761184692383,
            "2_aggregate_override": 0.0035178661346435547,
            "3_chunk": 0.14846420288085938,
            "4_select": 0.0023343563079833984,
            "5_unroll": 0.0031363964080810547,
            "6_rename": 0.0021915435791015625,
            "7_genid": 0.0033736228942871094,
            "8_unzip": 0.0027310848236083984,
            "9_copy": 0.002361297607421875,
            "10_filter": 0.007905244827270508
        },
        "create_base_extracted_entities": {
            "overall": 11.1440908908844,
            "0_entity_extract": 11.084585189819336,
            "1_snapshot": 0.01530599594116211,
            "2_merge_graphs": 0.03620719909667969,
            "3_snapshot_rows": 0.005080223083496094
        },
        "create_summarized_entities": {
            "overall": 1.6214261054992676,
            "0_summarize_descriptions": 1.6071460247039795,
            "1_snapshot_rows": 0.010655879974365234
        },
        "create_base_entity_graph": {
            "overall": 1.7759757041931152,
            "0_cluster_graph": 0.09547305107116699,
            "1_snapshot_rows": 0.009916067123413086,
            "2_embed_graph": 1.6420238018035889,
            "3_snapshot_rows": 0.01332998275756836,
            "4_select": 0.011199951171875
        },
        "create_final_entities": {
            "overall": 1.5001633167266846,
            "0_unpack_graph": 0.03809666633605957,
            "1_rename": 0.0050580501556396484,
            "2_select": 0.0050356388092041016,
            "3_dedupe": 0.005292654037475586,
            "4_rename": 0.00509333610534668,
            "5_filter": 0.013965129852294922,
            "6_text_split": 0.007998466491699219,
            "7_drop": 0.005750417709350586,
            "8_merge": 0.032065629959106445,
            "9_text_embed": 1.3473365306854248,
            "10_drop": 0.012420892715454102,
            "11_filter": 0.016819238662719727
        },
        "create_final_nodes": {
            "overall": 8.686644792556763,
            "0_layout_graph": 8.49701452255249,
            "1_unpack_graph": 0.04478001594543457,
            "2_unpack_graph": 0.04476189613342285,
            "3_filter": 0.02139902114868164,
            "4_drop": 0.00706934928894043,
            "5_select": 0.0068819522857666016,
            "6_snapshot": 0.00837564468383789,
            "7_rename": 0.007081508636474609,
            "8_join": 0.011310577392578125,
            "9_convert": 0.023508787155151367,
            "10_rename": 0.007647275924682617
        },
        "create_final_communities": {
            "overall": 0.29366397857666016,
            "0_unpack_graph": 0.04308605194091797,
            "1_unpack_graph": 0.04158377647399902,
            "2_aggregate_override": 0.00987696647644043,
            "3_join": 0.013150930404663086,
            "4_join": 0.012812376022338867,
            "5_concat": 0.008610010147094727,
            "6_filter": 0.06992530822753906,
            "7_aggregate_override": 0.012717008590698242,
            "8_join": 0.011795520782470703,
            "9_filter": 0.020302534103393555,
            "10_fill": 0.008901357650756836,
            "11_merge": 0.013541460037231445,
            "12_copy": 0.009143352508544922,
            "13_select": 0.009430408477783203
        },
        "join_text_units_to_entity_ids": {
            "overall": 0.04168128967285156,
            "0_select": 0.00966334342956543,
            "1_unroll": 0.010747671127319336,
            "2_aggregate_override": 0.011429071426391602
        },
        "create_final_relationships": {
            "overall": 0.19963669776916504,
            "0_unpack_graph": 0.050881385803222656,
            "1_filter": 0.02816295623779297,
            "2_rename": 0.010603904724121094,
            "3_filter": 0.0276796817779541,
            "4_drop": 0.01081395149230957,
            "5_compute_edge_combined_degree": 0.013104915618896484,
            "6_convert": 0.02209162712097168,
            "7_convert": 0.01118326187133789
        },
        "join_text_units_to_relationship_ids": {
            "overall": 0.05989575386047363,
            "0_select": 0.011386394500732422,
            "1_unroll": 0.012326478958129883,
            "2_aggregate_override": 0.013067245483398438,
            "3_select": 0.011705636978149414
        },
        "create_final_community_reports": {
            "overall": 53.479878187179565,
            "0_prepare_community_reports_nodes": 0.022967815399169922,
            "1_prepare_community_reports_edges": 0.015280723571777344,
            "2_restore_community_hierarchy": 0.016160011291503906,
            "3_prepare_community_reports": 0.1568279266357422,
            "4_create_community_reports": 53.21922492980957,
            "5_window": 0.020761966705322266
        },
        "create_final_text_units": {
            "overall": 0.1002497673034668,
            "0_select": 0.013159513473510742,
            "1_rename": 0.013120412826538086,
            "2_join": 0.01616811752319336,
            "3_join": 0.016073942184448242,
            "4_aggregate_override": 0.014737129211425781,
            "5_select": 0.013655900955200195
        },
        "create_base_documents": {
            "overall": 0.16416287422180176,
            "0_unroll": 0.01455831527709961,
            "1_select": 0.013924121856689453,
            "2_rename": 0.01405191421508789,
            "3_join": 0.01672220230102539,
            "4_aggregate_override": 0.01549077033996582,
            "5_join": 0.0170748233795166,
            "6_rename": 0.014545440673828125,
            "7_convert": 0.043859004974365234
        },
        "create_final_documents": {
            "overall": 0.030064821243286133,
            "0_rename": 0.014924049377441406
        }
    }
}