{
    "total_runtime": 191.86012411117554,
    "num_documents": 4,
    "input_load_time": 0,
    "workflows": {
        "create_base_text_units": {
            "overall": 0.19334983825683594,
            "0_orderby": 0.001867532730102539,
            "1_zip": 0.0020122528076171875,
            "2_aggregate_override": 0.003193378448486328,
            "3_chunk": 0.1601390838623047,
            "4_select": 0.002366781234741211,
            "5_unroll": 0.003059864044189453,
            "6_rename": 0.002295255661010742,
            "7_genid": 0.0034928321838378906,
            "8_unzip": 0.0028383731842041016,
            "9_copy": 0.0024530887603759766,
            "10_filter": 0.007929563522338867
        },
        "create_base_extracted_entities": {
            "overall": 114.63993191719055,
            "0_entity_extract": 114.57824063301086,
            "1_snapshot": 0.010774374008178711,
            "2_merge_graphs": 0.04113411903381348,
            "3_snapshot_rows": 0.00669407844543457
        },
        "create_summarized_entities": {
            "overall": 14.666271686553955,
            "0_summarize_descriptions": 14.649960041046143,
            "1_snapshot_rows": 0.007121562957763672
        },
        "create_base_entity_graph": {
            "overall": 2.680591344833374,
            "0_cluster_graph": 0.16248130798339844,
            "1_snapshot_rows": 0.008384227752685547,
            "2_embed_graph": 2.4896442890167236,
            "3_snapshot_rows": 0.009937047958374023,
            "4_select": 0.005565166473388672
        },
        "create_final_entities": {
            "overall": 1.4082062244415283,
            "0_unpack_graph": 0.05797386169433594,
            "1_rename": 0.005547761917114258,
            "2_select": 0.005225658416748047,
            "3_dedupe": 0.005535125732421875,
            "4_rename": 0.005143642425537109,
            "5_filter": 0.016969680786132812,
            "6_text_split": 0.011662483215332031,
            "7_drop": 0.006415128707885742,
            "8_merge": 0.04053974151611328,
            "9_text_embed": 1.2223808765411377,
            "10_drop": 0.006453514099121094,
            "11_filter": 0.018936634063720703
        },
        "create_final_nodes": {
            "overall": 9.528702735900879,
            "0_layout_graph": 9.237808227539062,
            "1_unpack_graph": 0.08351659774780273,
            "2_unpack_graph": 0.07342219352722168,
            "3_drop": 0.009757757186889648,
            "4_filter": 0.03206992149353027,
            "5_select": 0.00936126708984375,
            "6_snapshot": 0.011296987533569336,
            "7_rename": 0.009429693222045898,
            "8_convert": 0.031218528747558594,
            "9_join": 0.014445304870605469,
            "10_rename": 0.009063243865966797
        },
        "create_final_communities": {
            "overall": 0.47166991233825684,
            "0_unpack_graph": 0.08618664741516113,
            "1_unpack_graph": 0.11385846138000488,
            "2_aggregate_override": 0.01251530647277832,
            "3_join": 0.01916980743408203,
            "4_join": 0.017680883407592773,
            "5_concat": 0.009651422500610352,
            "6_filter": 0.08913040161132812,
            "7_aggregate_override": 0.018067359924316406,
            "8_join": 0.015123844146728516,
            "9_filter": 0.027638673782348633,
            "10_fill": 0.01139211654663086,
            "11_merge": 0.016629457473754883,
            "12_copy": 0.00987863540649414,
            "13_select": 0.011251688003540039
        },
        "join_text_units_to_entity_ids": {
            "overall": 0.05755949020385742,
            "0_select": 0.013343095779418945,
            "1_unroll": 0.014788389205932617,
            "2_aggregate_override": 0.0159451961517334
        },
        "create_final_relationships": {
            "overall": 0.28245091438293457,
            "0_unpack_graph": 0.09110903739929199,
            "1_filter": 0.04181528091430664,
            "2_rename": 0.014731884002685547,
            "3_filter": 0.040938615798950195,
            "4_drop": 0.014848709106445312,
            "5_compute_edge_combined_degree": 0.0179901123046875,
            "6_convert": 0.030004262924194336,
            "7_convert": 0.01517486572265625
        },
        "join_text_units_to_relationship_ids": {
            "overall": 0.08278250694274902,
            "0_select": 0.01576066017150879,
            "1_unroll": 0.01733088493347168,
            "2_aggregate_override": 0.018114328384399414,
            "3_select": 0.015982866287231445
        },
        "create_final_community_reports": {
            "overall": 42.608190298080444,
            "0_prepare_community_reports_nodes": 0.030978679656982422,
            "1_prepare_community_reports_edges": 0.02130913734436035,
            "2_restore_community_hierarchy": 0.023242712020874023,
            "3_prepare_community_reports": 0.2652573585510254,
            "4_create_community_reports": 42.232600688934326,
            "5_window": 0.017534971237182617
        },
        "create_final_text_units": {
            "overall": 0.10181355476379395,
            "0_select": 0.013344049453735352,
            "1_rename": 0.012998580932617188,
            "2_join": 0.016521453857421875,
            "3_join": 0.016375064849853516,
            "4_aggregate_override": 0.015173912048339844,
            "5_select": 0.013651609420776367
        },
        "create_base_documents": {
            "overall": 0.1661980152130127,
            "0_unroll": 0.014890670776367188,
            "1_select": 0.013950347900390625,
            "2_rename": 0.013964176177978516,
            "3_join": 0.017290830612182617,
            "4_aggregate_override": 0.015372276306152344,
            "5_join": 0.01735997200012207,
            "6_rename": 0.014539957046508789,
            "7_convert": 0.04441022872924805
        },
        "create_final_documents": {
            "overall": 0.0306704044342041,
            "0_rename": 0.015184879302978516
        }
    }
}