{
    "total_runtime": 297.23493242263794,
    "num_documents": 278,
    "input_load_time": 0,
    "workflows": {
        "create_base_text_units": {
            "overall": 0.269289493560791,
            "0_orderby": 0.0019145011901855469,
            "1_zip": 0.0020279884338378906,
            "2_aggregate_override": 0.005080461502075195,
            "3_chunk": 0.22720766067504883,
            "4_select": 0.002556324005126953,
            "5_unroll": 0.0031228065490722656,
            "6_rename": 0.0021762847900390625,
            "7_genid": 0.008665084838867188,
            "8_unzip": 0.0029103755950927734,
            "9_copy": 0.0023822784423828125,
            "10_filter": 0.00950932502746582
        },
        "create_base_extracted_entities": {
            "overall": 112.37454056739807,
            "0_entity_extract": 111.69523024559021,
            "1_snapshot": 0.05300569534301758,
            "2_merge_graphs": 0.6154031753540039,
            "3_snapshot_rows": 0.007505655288696289
        },
        "create_summarized_entities": {
            "overall": 31.644110918045044,
            "0_summarize_descriptions": 31.630751848220825,
            "1_snapshot_rows": 0.009502410888671875
        },
        "create_base_entity_graph": {
            "overall": 10.676589727401733,
            "0_cluster_graph": 0.938946008682251,
            "1_snapshot_rows": 0.02525639533996582,
            "2_embed_graph": 9.668118953704834,
            "3_snapshot_rows": 0.024107933044433594,
            "4_select": 0.01593947410583496
        },
        "create_final_entities": {
            "overall": 3.043851613998413,
            "0_unpack_graph": 0.4769246578216553,
            "1_rename": 0.005500316619873047,
            "2_select": 0.005373239517211914,
            "3_dedupe": 0.005591630935668945,
            "4_rename": 0.005213022232055664,
            "5_filter": 0.019437313079833984,
            "6_text_split": 0.01411890983581543,
            "7_drop": 0.005780458450317383,
            "8_merge": 0.09412240982055664,
            "9_text_embed": 2.3749449253082275,
            "10_drop": 0.006445407867431641,
            "11_filter": 0.02084207534790039
        },
        "create_final_nodes": {
            "overall": 15.921790838241577,
            "0_layout_graph": 14.18307614326477,
            "1_unpack_graph": 0.8161914348602295,
            "2_unpack_graph": 0.790095329284668,
            "3_drop": 0.007794857025146484,
            "4_filter": 0.04234433174133301,
            "5_select": 0.007224321365356445,
            "6_snapshot": 0.009240150451660156,
            "7_rename": 0.007216691970825195,
            "8_convert": 0.023595333099365234,
            "9_join": 0.014002323150634766,
            "10_rename": 0.008310556411743164
        },
        "create_final_communities": {
            "overall": 2.0194003582000732,
            "0_unpack_graph": 0.5051608085632324,
            "1_unpack_graph": 0.5308942794799805,
            "2_aggregate_override": 0.010667085647583008,
            "3_join": 0.026740312576293945,
            "4_join": 0.02703070640563965,
            "5_concat": 0.010808229446411133,
            "6_filter": 0.7531697750091553,
            "7_aggregate_override": 0.02703857421875,
            "8_join": 0.012082338333129883,
            "9_filter": 0.02431774139404297,
            "10_fill": 0.00909113883972168,
            "11_merge": 0.033503055572509766,
            "12_copy": 0.029324769973754883,
            "13_select": 0.009577751159667969
        },
        "join_text_units_to_entity_ids": {
            "overall": 0.06122875213623047,
            "0_select": 0.01496744155883789,
            "1_unroll": 0.01128530502319336,
            "2_aggregate_override": 0.016028165817260742
        },
        "create_final_relationships": {
            "overall": 0.7326595783233643,
            "0_unpack_graph": 0.5239641666412354,
            "1_filter": 0.04979515075683594,
            "2_rename": 0.011140584945678711,
            "3_filter": 0.06120133399963379,
            "4_drop": 0.011138916015625,
            "5_compute_edge_combined_degree": 0.014159202575683594,
            "6_convert": 0.023282766342163086,
            "7_convert": 0.011789798736572266
        },
        "join_text_units_to_relationship_ids": {
            "overall": 0.06609296798706055,
            "0_select": 0.011584043502807617,
            "1_unroll": 0.013217926025390625,
            "2_aggregate_override": 0.017682313919067383,
            "3_select": 0.011943817138671875
        },
        "create_final_community_reports": {
            "overall": 112.60742521286011,
            "0_prepare_community_reports_nodes": 0.04740476608276367,
            "1_prepare_community_reports_edges": 0.02550339698791504,
            "2_restore_community_hierarchy": 0.04114198684692383,
            "3_prepare_community_reports": 0.676826000213623,
            "4_create_community_reports": 111.76816153526306,
            "5_window": 0.017502546310424805
        },
        "create_final_text_units": {
            "overall": 0.10137820243835449,
            "0_select": 0.013069868087768555,
            "1_rename": 0.013061761856079102,
            "2_join": 0.016199111938476562,
            "3_join": 0.016334056854248047,
            "4_aggregate_override": 0.015113353729248047,
            "5_select": 0.013620615005493164
        },
        "create_base_documents": {
            "overall": 0.17143797874450684,
            "0_unroll": 0.015869855880737305,
            "1_select": 0.014439582824707031,
            "2_rename": 0.014403104782104492,
            "3_join": 0.018095016479492188,
            "4_aggregate_override": 0.017318010330200195,
            "5_join": 0.01733565330505371,
            "6_rename": 0.01456761360168457,
            "7_convert": 0.044663190841674805
        },
        "create_final_documents": {
            "overall": 0.030831575393676758,
            "0_rename": 0.015125513076782227
        }
    }
}