{
    "total_runtime": 59.430800676345825,
    "num_documents": 3,
    "input_load_time": 0,
    "workflows": {
        "create_base_text_units": {
            "overall": 0.16482782363891602,
            "0_orderby": 0.0020079612731933594,
            "1_zip": 0.002274036407470703,
            "2_aggregate_override": 0.0035355091094970703,
            "3_chunk": 0.12849092483520508,
            "4_select": 0.0025353431701660156,
            "5_unroll": 0.003351449966430664,
            "6_rename": 0.002686023712158203,
            "7_genid": 0.0028836727142333984,
            "8_unzip": 0.0031964778900146484,
            "9_copy": 0.002907991409301758,
            "10_filter": 0.009166479110717773
        },
        "create_base_extracted_entities": {
            "overall": 32.63017797470093,
            "0_entity_extract": 32.5929012298584,
            "1_snapshot": 0.008980035781860352,
            "2_merge_graphs": 0.014435291290283203,
            "3_snapshot_rows": 0.010381937026977539
        },
        "create_summarized_entities": {
            "overall": 2.444776773452759,
            "0_summarize_descriptions": 2.4345831871032715,
            "1_snapshot_rows": 0.006013154983520508
        },
        "create_base_entity_graph": {
            "overall": 0.09048295021057129,
            "0_cluster_graph": 0.012250900268554688,
            "1_snapshot_rows": 0.005610942840576172,
            "2_embed_graph": 0.0561213493347168,
            "3_snapshot_rows": 0.006194353103637695,
            "4_select": 0.005587577819824219
        },
        "create_final_entities": {
            "overall": 0.5396153926849365,
            "0_unpack_graph": 0.007411956787109375,
            "1_rename": 0.005804777145385742,
            "2_select": 0.005997896194458008,
            "3_dedupe": 0.0062181949615478516,
            "4_rename": 0.00612187385559082,
            "5_filter": 0.015056848526000977,
            "6_text_split": 0.007075786590576172,
            "7_drop": 0.006727457046508789,
            "8_merge": 0.010851621627807617,
            "9_text_embed": 0.4381542205810547,
            "10_drop": 0.007343292236328125,
            "11_filter": 0.01712322235107422
        },
        "create_final_nodes": {
            "overall": 3.814544677734375,
            "0_layout_graph": 3.6839168071746826,
            "1_unpack_graph": 0.010080575942993164,
            "2_unpack_graph": 0.009526968002319336,
            "3_filter": 0.018544673919677734,
            "4_drop": 0.008253812789916992,
            "5_select": 0.008421897888183594,
            "6_snapshot": 0.00946044921875,
            "7_rename": 0.008795022964477539,
            "8_join": 0.012476444244384766,
            "9_convert": 0.028286457061767578,
            "10_rename": 0.009157896041870117
        },
        "create_final_communities": {
            "overall": 0.19769859313964844,
            "0_unpack_graph": 0.010674715042114258,
            "1_unpack_graph": 0.010879993438720703,
            "2_aggregate_override": 0.01118326187133789,
            "3_join": 0.01335906982421875,
            "4_join": 0.013323068618774414,
            "5_concat": 0.010185956954956055,
            "6_filter": 0.023130416870117188,
            "7_aggregate_override": 0.012100458145141602,
            "8_join": 0.013639688491821289,
            "9_filter": 0.024103164672851562,
            "10_fill": 0.011005401611328125,
            "11_merge": 0.011678457260131836,
            "12_copy": 0.011249303817749023,
            "13_select": 0.011314153671264648
        },
        "join_text_units_to_entity_ids": {
            "overall": 0.04944205284118652,
            "0_select": 0.011694669723510742,
            "1_unroll": 0.012739896774291992,
            "2_aggregate_override": 0.013271331787109375
        },
        "create_final_relationships": {
            "overall": 0.28882789611816406,
            "0_unpack_graph": 0.02462291717529297,
            "1_filter": 0.04815959930419922,
            "2_rename": 0.022539377212524414,
            "3_filter": 0.04924488067626953,
            "4_drop": 0.02337503433227539,
            "5_compute_edge_combined_degree": 0.027068614959716797,
            "6_convert": 0.04797697067260742,
            "7_convert": 0.024272918701171875
        },
        "join_text_units_to_relationship_ids": {
            "overall": 0.12984132766723633,
            "0_select": 0.024880170822143555,
            "1_unroll": 0.02686762809753418,
            "2_aggregate_override": 0.028055191040039062,
            "3_select": 0.025363922119140625
        },
        "create_final_community_reports": {
            "overall": 15.7859628200531,
            "0_prepare_community_reports_nodes": 0.015190839767456055,
            "1_prepare_community_reports_edges": 0.015433549880981445,
            "2_restore_community_hierarchy": 0.016716718673706055,
            "3_prepare_community_reports": 0.0610814094543457,
            "4_create_community_reports": 15.634474754333496,
            "5_window": 0.02834463119506836
        },
        "create_final_text_units": {
            "overall": 0.12023234367370605,
            "0_select": 0.015810251235961914,
            "1_rename": 0.01580357551574707,
            "2_join": 0.01922464370727539,
            "3_join": 0.019269227981567383,
            "4_aggregate_override": 0.017831802368164062,
            "5_select": 0.016506671905517578
        },
        "create_base_documents": {
            "overall": 0.23479509353637695,
            "0_unroll": 0.017524242401123047,
            "1_select": 0.016845703125,
            "2_rename": 0.016921281814575195,
            "3_join": 0.019846439361572266,
            "4_aggregate_override": 0.018251657485961914,
            "5_join": 0.02046489715576172,
            "6_rename": 0.05468463897705078,
            "7_convert": 0.0536653995513916
        },
        "create_final_documents": {
            "overall": 0.03578448295593262,
            "0_rename": 0.01792740821838379
        }
    }
}