{
    "total_runtime": 1.1970477104187012,
    "num_documents": 15,
    "input_load_time": 0,
    "workflows": {
        "create_base_text_units": {
            "overall": 0.2097306251525879,
            "0_orderby": 0.002051115036010742,
            "1_zip": 0.002214670181274414,
            "2_aggregate_override": 0.004378080368041992,
            "3_chunk": 0.16819238662719727,
            "4_select": 0.0027632713317871094,
            "5_unroll": 0.003159761428833008,
            "6_rename": 0.0021622180938720703,
            "7_genid": 0.002850055694580078,
            "8_unzip": 0.0027358531951904297,
            "9_copy": 0.008035898208618164,
            "10_filter": 0.009293317794799805
        },
        "create_base_extracted_entities": {
            "overall": 0.25084996223449707,
            "0_entity_extract": 0.23292803764343262,
            "1_snapshot": 0.004769086837768555,
            "2_merge_graphs": 0.0059893131256103516,
            "3_snapshot_rows": 0.004159450531005859
        },
        "create_summarized_entities": {
            "overall": 0.012127161026000977,
            "0_summarize_descriptions": 0.004413604736328125,
            "1_snapshot_rows": 0.0040743350982666016
        }
    }
}