{
    "total_runtime": 108.534996509552,
    "num_documents": 30,
    "input_load_time": 0,
    "workflows": {
        "create_base_text_units": {
            "overall": 0.2124922275543213,
            "0_orderby": 0.0020182132720947266,
            "1_zip": 0.0020318031311035156,
            "2_aggregate_override": 0.0035505294799804688,
            "3_chunk": 0.17028141021728516,
            "4_select": 0.0024280548095703125,
            "5_unroll": 0.0031707286834716797,
            "6_rename": 0.002197265625,
            "7_genid": 0.00855875015258789,
            "8_unzip": 0.003414154052734375,
            "9_copy": 0.0027916431427001953,
            "10_filter": 0.010193824768066406
        },
        "create_base_extracted_entities": {
            "overall": 48.83842372894287,
            "0_entity_extract": 48.791879415512085,
            "1_snapshot": 0.010102987289428711,
            "2_merge_graphs": 0.028856992721557617,
            "3_snapshot_rows": 0.0045392513275146484
        },
        "create_summarized_entities": {
            "overall": 7.019358158111572,
            "0_summarize_descriptions": 7.010417222976685,
            "1_snapshot_rows": 0.005255222320556641
        },
        "create_base_entity_graph": {
            "overall": 1.61177659034729,
            "0_cluster_graph": 0.10920143127441406,
            "1_snapshot_rows": 0.008426427841186523,
            "2_embed_graph": 1.4725134372711182,
            "3_snapshot_rows": 0.01271963119506836,
            "4_select": 0.0047757625579833984
        },
        "create_final_entities": {
            "overall": 1.0406270027160645,
            "0_unpack_graph": 0.0405726432800293,
            "1_rename": 0.005121946334838867,
            "2_select": 0.0050508975982666016,
            "3_dedupe": 0.005361318588256836,
            "4_rename": 0.00513458251953125,
            "5_filter": 0.030173063278198242,
            "6_text_split": 0.00867605209350586,
            "7_drop": 0.00568842887878418,
            "8_merge": 0.03484535217285156,
            "9_text_embed": 0.8717982769012451,
            "10_drop": 0.0066890716552734375,
            "11_filter": 0.016277790069580078
        },
        "create_final_nodes": {
            "overall": 9.08249568939209,
            "0_layout_graph": 8.87215805053711,
            "1_unpack_graph": 0.04759860038757324,
            "2_unpack_graph": 0.052474260330200195,
            "3_drop": 0.007578849792480469,
            "4_filter": 0.024175167083740234,
            "5_select": 0.008358955383300781,
            "6_snapshot": 0.009165048599243164,
            "7_rename": 0.007250547409057617,
            "8_convert": 0.02357649803161621,
            "9_join": 0.013690948486328125,
            "10_rename": 0.009301424026489258
        },
        "create_final_communities": {
            "overall": 0.3116488456726074,
            "0_unpack_graph": 0.04642748832702637,
            "1_unpack_graph": 0.041890859603881836,
            "2_aggregate_override": 0.010044097900390625,
            "3_join": 0.01414799690246582,
            "4_join": 0.015330791473388672,
            "5_concat": 0.01027679443359375,
            "6_filter": 0.07532048225402832,
            "7_aggregate_override": 0.013025522232055664,
            "8_join": 0.011976003646850586,
            "9_filter": 0.020569324493408203,
            "10_fill": 0.009154558181762695,
            "11_merge": 0.013625621795654297,
            "12_copy": 0.00946664810180664,
            "13_select": 0.01012420654296875
        },
        "join_text_units_to_entity_ids": {
            "overall": 0.04766440391540527,
            "0_select": 0.01157522201538086,
            "1_unroll": 0.012715816497802734,
            "2_aggregate_override": 0.013028144836425781
        },
        "create_final_relationships": {
            "overall": 0.19321537017822266,
            "0_unpack_graph": 0.050113677978515625,
            "1_filter": 0.028722763061523438,
            "2_rename": 0.011306524276733398,
            "3_filter": 0.032479286193847656,
            "4_drop": 0.011041402816772461,
            "5_compute_edge_combined_degree": 0.013469696044921875,
            "6_convert": 0.022583723068237305,
            "7_convert": 0.011372804641723633
        },
        "join_text_units_to_relationship_ids": {
            "overall": 0.07140779495239258,
            "0_select": 0.011799812316894531,
            "1_unroll": 0.01253509521484375,
            "2_aggregate_override": 0.0151824951171875,
            "3_select": 0.01417398452758789
        },
        "create_final_community_reports": {
            "overall": 35.1567177772522,
            "0_prepare_community_reports_nodes": 0.023563385009765625,
            "1_prepare_community_reports_edges": 0.015758275985717773,
            "2_restore_community_hierarchy": 0.016074419021606445,
            "3_prepare_community_reports": 0.17016100883483887,
            "4_create_community_reports": 34.89563202857971,
            "5_window": 0.021192312240600586
        },
        "create_final_text_units": {
            "overall": 0.10138511657714844,
            "0_select": 0.01315927505493164,
            "1_rename": 0.013144731521606445,
            "2_join": 0.016474246978759766,
            "3_join": 0.0164186954498291,
            "4_aggregate_override": 0.014979362487792969,
            "5_select": 0.01368403434753418
        },
        "create_base_documents": {
            "overall": 0.17110037803649902,
            "0_unroll": 0.015091419219970703,
            "1_select": 0.014145374298095703,
            "2_rename": 0.014430999755859375,
            "3_join": 0.017174959182739258,
            "4_aggregate_override": 0.01577925682067871,
            "5_join": 0.01744985580444336,
            "6_rename": 0.015025615692138672,
            "7_convert": 0.04517722129821777
        },
        "create_final_documents": {
            "overall": 0.030826807022094727,
            "0_rename": 0.015190601348876953
        }
    }
}