{
    "total_runtime": 90.35078048706055,
    "num_documents": 15,
    "input_load_time": 0,
    "workflows": {
        "create_base_text_units": {
            "overall": 0.1892704963684082,
            "0_orderby": 0.001924276351928711,
            "1_zip": 0.0020837783813476562,
            "2_aggregate_override": 0.0035562515258789062,
            "3_chunk": 0.15461468696594238,
            "4_select": 0.003039121627807617,
            "5_unroll": 0.003478527069091797,
            "6_rename": 0.0022084712982177734,
            "7_genid": 0.0029664039611816406,
            "8_unzip": 0.0027513504028320312,
            "9_copy": 0.002409696578979492,
            "10_filter": 0.008313417434692383
        },
        "create_base_extracted_entities": {
            "overall": 39.54909896850586,
            "0_entity_extract": 39.488386154174805,
            "1_snapshot": 0.014776945114135742,
            "2_merge_graphs": 0.037770986557006836,
            "3_snapshot_rows": 0.004521846771240234
        },
        "create_summarized_entities": {
            "overall": 3.171952962875366,
            "0_summarize_descriptions": 3.163466453552246,
            "1_snapshot_rows": 0.004799604415893555
        },
        "create_base_entity_graph": {
            "overall": 0.9798040390014648,
            "0_cluster_graph": 0.06759095191955566,
            "1_snapshot_rows": 0.0063953399658203125,
            "2_embed_graph": 0.8894553184509277,
            "3_snapshot_rows": 0.007004976272583008,
            "4_select": 0.005287647247314453
        },
        "create_final_entities": {
            "overall": 1.0723216533660889,
            "0_unpack_graph": 0.025974035263061523,
            "1_rename": 0.0051610469818115234,
            "2_select": 0.0051691532135009766,
            "3_dedupe": 0.005388975143432617,
            "4_rename": 0.0051081180572509766,
            "5_filter": 0.014091730117797852,
            "6_text_split": 0.007897377014160156,
            "7_drop": 0.005652904510498047,
            "8_merge": 0.030491352081298828,
            "9_text_embed": 0.9385991096496582,
            "10_drop": 0.006671428680419922,
            "11_filter": 0.017068147659301758
        },
        "create_final_nodes": {
            "overall": 8.049525737762451,
            "0_layout_graph": 7.618265151977539,
            "1_unpack_graph": 0.029905080795288086,
            "2_unpack_graph": 0.30338215827941895,
            "3_filter": 0.019021034240722656,
            "4_drop": 0.007002830505371094,
            "5_select": 0.007003068923950195,
            "6_snapshot": 0.008188486099243164,
            "7_rename": 0.0071561336517333984,
            "8_convert": 0.02328777313232422,
            "9_join": 0.011648416519165039,
            "10_rename": 0.007725954055786133
        },
        "create_final_communities": {
            "overall": 0.2335820198059082,
            "0_unpack_graph": 0.030053377151489258,
            "1_unpack_graph": 0.028089046478271484,
            "2_aggregate_override": 0.009706735610961914,
            "3_join": 0.012252569198608398,
            "4_join": 0.012097597122192383,
            "5_concat": 0.008642435073852539,
            "6_filter": 0.03941631317138672,
            "7_aggregate_override": 0.011860370635986328,
            "8_join": 0.012155294418334961,
            "9_filter": 0.020848512649536133,
            "10_fill": 0.009042024612426758,
            "11_merge": 0.012115240097045898,
            "12_copy": 0.009294748306274414,
            "13_select": 0.009349822998046875
        },
        "join_text_units_to_entity_ids": {
            "overall": 0.042333364486694336,
            "0_select": 0.009878873825073242,
            "1_unroll": 0.010881423950195312,
            "2_aggregate_override": 0.011512994766235352
        },
        "create_final_relationships": {
            "overall": 0.19380903244018555,
            "0_unpack_graph": 0.03677487373352051,
            "1_filter": 0.04377460479736328,
            "2_rename": 0.01190495491027832,
            "3_filter": 0.02550220489501953,
            "4_drop": 0.010834693908691406,
            "5_compute_edge_combined_degree": 0.015382766723632812,
            "6_convert": 0.025966644287109375,
            "7_convert": 0.013134479522705078
        },
        "join_text_units_to_relationship_ids": {
            "overall": 0.07084274291992188,
            "0_select": 0.013461112976074219,
            "1_unroll": 0.014791727066040039,
            "2_aggregate_override": 0.01523280143737793,
            "3_select": 0.014872074127197266
        },
        "create_final_community_reports": {
            "overall": 31.934516668319702,
            "0_prepare_community_reports_nodes": 0.017052173614501953,
            "1_prepare_community_reports_edges": 0.015788555145263672,
            "2_restore_community_hierarchy": 0.016170978546142578,
            "3_prepare_community_reports": 0.11416125297546387,
            "4_create_community_reports": 31.74213147163391,
            "5_window": 0.0162961483001709
        },
        "create_final_text_units": {
            "overall": 0.10590648651123047,
            "0_select": 0.013151884078979492,
            "1_rename": 0.012943506240844727,
            "2_join": 0.0194244384765625,
            "3_join": 0.016761302947998047,
            "4_aggregate_override": 0.014829397201538086,
            "5_select": 0.014458894729614258
        },
        "create_base_documents": {
            "overall": 0.19475579261779785,
            "0_unroll": 0.014833927154541016,
            "1_select": 0.014986038208007812,
            "2_rename": 0.01664280891418457,
            "3_join": 0.019571542739868164,
            "4_aggregate_override": 0.019130229949951172,
            "5_join": 0.017475366592407227,
            "6_rename": 0.019741058349609375,
            "7_convert": 0.05808687210083008
        },
        "create_final_documents": {
            "overall": 0.036649465560913086,
            "0_rename": 0.01577019691467285
        }
    }
}