{
    "total_runtime": 73.42085099220276,
    "num_documents": 275,
    "input_load_time": 0,
    "workflows": {
        "create_base_text_units": {
            "overall": 0.25313305854797363,
            "0_orderby": 0.0017943382263183594,
            "1_zip": 0.0019981861114501953,
            "2_aggregate_override": 0.005095958709716797,
            "3_chunk": 0.2133169174194336,
            "4_select": 0.002444028854370117,
            "5_unroll": 0.0030059814453125,
            "6_rename": 0.0021448135375976562,
            "7_genid": 0.007124900817871094,
            "8_unzip": 0.0028481483459472656,
            "9_copy": 0.002378702163696289,
            "10_filter": 0.00934457778930664
        },
        "create_base_extracted_entities": {
            "overall": 0.6844961643218994,
            "0_entity_extract": 0.5309560298919678,
            "1_snapshot": 0.029118776321411133,
            "2_merge_graphs": 0.11541247367858887,
            "3_snapshot_rows": 0.006071329116821289
        },
        "create_summarized_entities": {
            "overall": 1.8575818538665771,
            "0_summarize_descriptions": 1.8450851440429688,
            "1_snapshot_rows": 0.008541107177734375
        },
        "create_base_entity_graph": {
            "overall": 9.370586633682251,
            "0_cluster_graph": 0.8760039806365967,
            "1_snapshot_rows": 0.01663351058959961,
            "2_embed_graph": 8.455543041229248,
            "3_snapshot_rows": 0.013680458068847656,
            "4_select": 0.004733085632324219
        },
        "create_final_entities": {
            "overall": 1.634721040725708,
            "0_unpack_graph": 0.24611186981201172,
            "1_rename": 0.004988670349121094,
            "2_select": 0.005198478698730469,
            "3_dedupe": 0.005615949630737305,
            "4_rename": 0.005409717559814453,
            "5_filter": 0.017832517623901367,
            "6_text_split": 0.012653350830078125,
            "7_drop": 0.0056858062744140625,
            "8_merge": 0.07579803466796875,
            "9_text_embed": 1.2125697135925293,
            "10_drop": 0.01106405258178711,
            "11_filter": 0.020056724548339844
        },
        "create_final_nodes": {
            "overall": 15.588228702545166,
            "0_layout_graph": 14.408959865570068,
            "1_unpack_graph": 0.5388436317443848,
            "2_unpack_graph": 0.507131814956665,
            "3_drop": 0.007837533950805664,
            "4_filter": 0.04375481605529785,
            "5_select": 0.007234334945678711,
            "6_snapshot": 0.008887529373168945,
            "7_rename": 0.0071566104888916016,
            "8_join": 0.014315366744995117,
            "9_convert": 0.023479700088500977,
            "10_rename": 0.008285999298095703
        },
        "create_final_communities": {
            "overall": 1.7720482349395752,
            "0_unpack_graph": 0.2763960361480713,
            "1_unpack_graph": 0.5227618217468262,
            "2_aggregate_override": 0.010468721389770508,
            "3_join": 0.040985107421875,
            "4_join": 0.040416717529296875,
            "5_concat": 0.011950492858886719,
            "6_filter": 0.7381336688995361,
            "7_aggregate_override": 0.02526259422302246,
            "8_join": 0.01213836669921875,
            "9_filter": 0.02357959747314453,
            "10_fill": 0.009016752243041992,
            "11_merge": 0.024590730667114258,
            "12_copy": 0.009399652481079102,
            "13_select": 0.009561777114868164
        },
        "join_text_units_to_entity_ids": {
            "overall": 0.05778145790100098,
            "0_select": 0.013149023056030273,
            "1_unroll": 0.011110544204711914,
            "2_aggregate_override": 0.015723466873168945
        },
        "create_final_relationships": {
            "overall": 0.5156166553497314,
            "0_unpack_graph": 0.30056309700012207,
            "1_filter": 0.051615238189697266,
            "2_rename": 0.011016607284545898,
            "3_filter": 0.06711435317993164,
            "4_drop": 0.011100292205810547,
            "5_compute_edge_combined_degree": 0.01400899887084961,
            "6_convert": 0.02294921875,
            "7_convert": 0.01209712028503418
        },
        "join_text_units_to_relationship_ids": {
            "overall": 0.06522393226623535,
            "0_select": 0.011772632598876953,
            "1_unroll": 0.01292872428894043,
            "2_aggregate_override": 0.01729726791381836,
            "3_select": 0.011719703674316406
        },
        "create_final_community_reports": {
            "overall": 35.06266188621521,
            "0_prepare_community_reports_nodes": 0.04836773872375488,
            "1_prepare_community_reports_edges": 0.023755550384521484,
            "2_restore_community_hierarchy": 0.023851871490478516,
            "3_prepare_community_reports": 0.6112461090087891,
            "4_create_community_reports": 34.28631114959717,
            "5_window": 0.04393458366394043
        },
        "create_final_text_units": {
            "overall": 0.09936881065368652,
            "0_select": 0.01298213005065918,
            "1_rename": 0.012830257415771484,
            "2_join": 0.016031742095947266,
            "3_join": 0.016173124313354492,
            "4_aggregate_override": 0.014832258224487305,
            "5_select": 0.01336812973022461
        },
        "create_base_documents": {
            "overall": 0.16552972793579102,
            "0_unroll": 0.014766931533813477,
            "1_select": 0.013868570327758789,
            "2_rename": 0.013910531997680664,
            "3_join": 0.01678466796875,
            "4_aggregate_override": 0.016968250274658203,
            "5_join": 0.01732492446899414,
            "6_rename": 0.014370918273925781,
            "7_convert": 0.04363369941711426
        },
        "create_final_documents": {
            "overall": 0.02989649772644043,
            "0_rename": 0.014577865600585938
        }
    }
}