{
    "total_runtime": 144.33342838287354,
    "num_documents": 28,
    "input_load_time": 0,
    "workflows": {
        "create_base_text_units": {
            "overall": 0.1828927993774414,
            "0_orderby": 0.002000570297241211,
            "1_zip": 0.0020797252655029297,
            "2_aggregate_override": 0.0036420822143554688,
            "3_chunk": 0.14907312393188477,
            "4_select": 0.002349853515625,
            "5_unroll": 0.0031223297119140625,
            "6_rename": 0.0021648406982421875,
            "7_genid": 0.003442525863647461,
            "8_unzip": 0.002752065658569336,
            "9_copy": 0.0023648738861083984,
            "10_filter": 0.008091926574707031
        },
        "create_base_extracted_entities": {
            "overall": 57.154855728149414,
            "0_entity_extract": 57.08716535568237,
            "1_snapshot": 0.0182952880859375,
            "2_merge_graphs": 0.04151463508605957,
            "3_snapshot_rows": 0.004820108413696289
        },
        "create_summarized_entities": {
            "overall": 5.79528546333313,
            "0_summarize_descriptions": 5.781987905502319,
            "1_snapshot_rows": 0.009668588638305664
        },
        "create_base_entity_graph": {
            "overall": 1.7557687759399414,
            "0_cluster_graph": 0.09702515602111816,
            "1_snapshot_rows": 0.009230375289916992,
            "2_embed_graph": 1.6224987506866455,
            "3_snapshot_rows": 0.011914968490600586,
            "4_select": 0.01103520393371582
        },
        "create_final_entities": {
            "overall": 1.1765108108520508,
            "0_unpack_graph": 0.03820443153381348,
            "1_rename": 0.0050373077392578125,
            "2_select": 0.005042076110839844,
            "3_dedupe": 0.005293846130371094,
            "4_rename": 0.0052602291107177734,
            "5_filter": 0.013967037200927734,
            "6_text_split": 0.008061647415161133,
            "7_drop": 0.005628824234008789,
            "8_merge": 0.032434940338134766,
            "9_text_embed": 1.0142338275909424,
            "10_drop": 0.006522178649902344,
            "11_filter": 0.03191375732421875
        },
        "create_final_nodes": {
            "overall": 8.647098064422607,
            "0_layout_graph": 8.458001136779785,
            "1_unpack_graph": 0.044469356536865234,
            "2_unpack_graph": 0.044315338134765625,
            "3_filter": 0.0213925838470459,
            "4_drop": 0.007096767425537109,
            "5_select": 0.006824970245361328,
            "6_snapshot": 0.008152484893798828,
            "7_rename": 0.0070858001708984375,
            "8_join": 0.011361837387084961,
            "9_convert": 0.02382802963256836,
            "10_rename": 0.007728099822998047
        },
        "create_final_communities": {
            "overall": 0.2957615852355957,
            "0_unpack_graph": 0.043380022048950195,
            "1_unpack_graph": 0.04095339775085449,
            "2_aggregate_override": 0.009962797164916992,
            "3_join": 0.013248443603515625,
            "4_join": 0.013079643249511719,
            "5_concat": 0.008666038513183594,
            "6_filter": 0.07078409194946289,
            "7_aggregate_override": 0.01289224624633789,
            "8_join": 0.011872053146362305,
            "9_filter": 0.02048778533935547,
            "10_fill": 0.009133338928222656,
            "11_merge": 0.01375269889831543,
            "12_copy": 0.009309053421020508,
            "13_select": 0.009419918060302734
        },
        "join_text_units_to_entity_ids": {
            "overall": 0.042001962661743164,
            "0_select": 0.009706735610961914,
            "1_unroll": 0.010876178741455078,
            "2_aggregate_override": 0.011497974395751953
        },
        "create_final_relationships": {
            "overall": 0.2046830654144287,
            "0_unpack_graph": 0.05486702919006348,
            "1_filter": 0.028408527374267578,
            "2_rename": 0.010650396347045898,
            "3_filter": 0.028027772903442383,
            "4_drop": 0.01090550422668457,
            "5_compute_edge_combined_degree": 0.013190269470214844,
            "6_convert": 0.022136688232421875,
            "7_convert": 0.010977506637573242
        },
        "join_text_units_to_relationship_ids": {
            "overall": 0.0599820613861084,
            "0_select": 0.011406421661376953,
            "1_unroll": 0.012299060821533203,
            "2_aggregate_override": 0.013129472732543945,
            "3_select": 0.011693954467773438
        },
        "create_final_community_reports": {
            "overall": 64.27365970611572,
            "0_prepare_community_reports_nodes": 0.055052995681762695,
            "1_prepare_community_reports_edges": 0.02185988426208496,
            "2_restore_community_hierarchy": 0.015887975692749023,
            "3_prepare_community_reports": 0.15549635887145996,
            "4_create_community_reports": 63.97967767715454,
            "5_window": 0.020611047744750977
        },
        "create_final_text_units": {
            "overall": 0.09980511665344238,
            "0_select": 0.01297450065612793,
            "1_rename": 0.012982845306396484,
            "2_join": 0.01612401008605957,
            "3_join": 0.016107797622680664,
            "4_aggregate_override": 0.0148162841796875,
            "5_select": 0.013550996780395508
        },
        "create_base_documents": {
            "overall": 0.16529393196105957,
            "0_unroll": 0.014696121215820312,
            "1_select": 0.013912677764892578,
            "2_rename": 0.014109373092651367,
            "3_join": 0.016696929931640625,
            "4_aggregate_override": 0.01546168327331543,
            "5_join": 0.017297983169555664,
            "6_rename": 0.014577865600585938,
            "7_convert": 0.044458866119384766
        },
        "create_final_documents": {
            "overall": 0.03027963638305664,
            "0_rename": 0.015012979507446289
        }
    }
}