{
    "total_runtime": 72.27311992645264,
    "num_documents": 2,
    "input_load_time": 0,
    "workflows": {
        "create_base_text_units": {
            "overall": 0.16312384605407715,
            "0_orderby": 0.001966238021850586,
            "1_zip": 0.0022306442260742188,
            "2_aggregate_override": 0.003434896469116211,
            "3_chunk": 0.1273970603942871,
            "4_select": 0.00247955322265625,
            "5_unroll": 0.003387928009033203,
            "6_rename": 0.0025441646575927734,
            "7_genid": 0.0028464794158935547,
            "8_unzip": 0.0031805038452148438,
            "9_copy": 0.0029144287109375,
            "10_filter": 0.008959531784057617
        },
        "create_base_extracted_entities": {
            "overall": 36.11627531051636,
            "0_entity_extract": 36.085344076156616,
            "1_snapshot": 0.007726907730102539,
            "2_merge_graphs": 0.012438297271728516,
            "3_snapshot_rows": 0.007460117340087891
        },
        "create_summarized_entities": {
            "overall": 0.03152346611022949,
            "0_summarize_descriptions": 0.016107797622680664,
            "1_snapshot_rows": 0.008400678634643555
        },
        "create_base_entity_graph": {
            "overall": 0.09647440910339355,
            "0_cluster_graph": 0.019608497619628906,
            "1_snapshot_rows": 0.009360790252685547,
            "2_embed_graph": 0.040390968322753906,
            "3_snapshot_rows": 0.009828329086303711,
            "4_select": 0.009314537048339844
        },
        "create_final_entities": {
            "overall": 0.7031970024108887,
            "0_unpack_graph": 0.01243138313293457,
            "1_rename": 0.010036945343017578,
            "2_select": 0.010350227355957031,
            "3_dedupe": 0.010770797729492188,
            "4_rename": 0.010649681091308594,
            "5_filter": 0.025765419006347656,
            "6_text_split": 0.013001203536987305,
            "7_drop": 0.012216567993164062,
            "8_merge": 0.0188751220703125,
            "9_text_embed": 0.5269472599029541,
            "10_drop": 0.012977361679077148,
            "11_filter": 0.029440879821777344
        },
        "create_final_nodes": {
            "overall": 4.54289698600769,
            "0_layout_graph": 4.408035755157471,
            "1_unpack_graph": 0.010035037994384766,
            "2_unpack_graph": 0.009275436401367188,
            "3_filter": 0.018550872802734375,
            "4_drop": 0.008270978927612305,
            "5_select": 0.00846099853515625,
            "6_snapshot": 0.009498357772827148,
            "7_rename": 0.008544921875,
            "8_convert": 0.027263164520263672,
            "9_join": 0.012669563293457031,
            "10_rename": 0.009127616882324219
        },
        "create_final_communities": {
            "overall": 0.19880175590515137,
            "0_unpack_graph": 0.010506391525268555,
            "1_unpack_graph": 0.010616779327392578,
            "2_aggregate_override": 0.010964632034301758,
            "3_join": 0.013129472732543945,
            "4_join": 0.012965202331542969,
            "5_concat": 0.009881019592285156,
            "6_filter": 0.022825956344604492,
            "7_aggregate_override": 0.011874198913574219,
            "8_join": 0.013252973556518555,
            "9_filter": 0.023824214935302734,
            "10_fill": 0.010739326477050781,
            "11_merge": 0.012268304824829102,
            "12_copy": 0.012829780578613281,
            "13_select": 0.013312816619873047
        },
        "join_text_units_to_entity_ids": {
            "overall": 0.047910451889038086,
            "0_select": 0.011343002319335938,
            "1_unroll": 0.012282133102416992,
            "2_aggregate_override": 0.013013601303100586
        },
        "create_final_relationships": {
            "overall": 0.16129684448242188,
            "0_unpack_graph": 0.013363838195800781,
            "1_filter": 0.026576757431030273,
            "2_rename": 0.01227116584777832,
            "3_filter": 0.026810169219970703,
            "4_drop": 0.012604475021362305,
            "5_compute_edge_combined_degree": 0.014849662780761719,
            "6_convert": 0.02698993682861328,
            "7_convert": 0.015731334686279297
        },
        "join_text_units_to_relationship_ids": {
            "overall": 0.07183218002319336,
            "0_select": 0.013324737548828125,
            "1_unroll": 0.014295101165771484,
            "2_aggregate_override": 0.017037391662597656,
            "3_select": 0.013962030410766602
        },
        "create_final_community_reports": {
            "overall": 26.15265154838562,
            "0_prepare_community_reports_nodes": 0.014900922775268555,
            "1_prepare_community_reports_edges": 0.015193939208984375,
            "2_restore_community_hierarchy": 0.016398191452026367,
            "3_prepare_community_reports": 0.026735544204711914,
            "4_create_community_reports": 26.03712797164917,
            "5_window": 0.028034448623657227
        },
        "create_final_text_units": {
            "overall": 0.21401190757751465,
            "0_select": 0.027840852737426758,
            "1_rename": 0.02819514274597168,
            "2_join": 0.034459590911865234,
            "3_join": 0.03450751304626465,
            "4_aggregate_override": 0.03208565711975098,
            "5_select": 0.02935791015625
        },
        "create_base_documents": {
            "overall": 0.3557624816894531,
            "0_unroll": 0.03122878074645996,
            "1_select": 0.030438661575317383,
            "2_rename": 0.03036046028137207,
            "3_join": 0.03583955764770508,
            "4_aggregate_override": 0.03266286849975586,
            "5_join": 0.03713059425354004,
            "6_rename": 0.03166627883911133,
            "7_convert": 0.09708213806152344
        },
        "create_final_documents": {
            "overall": 0.0639338493347168,
            "0_rename": 0.03213191032409668
        }
    }
}