{
    "total_runtime": 113.77073049545288,
    "num_documents": 3,
    "input_load_time": 0,
    "workflows": {
        "create_base_text_units": {
            "overall": 0.1654365062713623,
            "0_orderby": 0.0020914077758789062,
            "1_zip": 0.0022919178009033203,
            "2_aggregate_override": 0.0036170482635498047,
            "3_chunk": 0.12892842292785645,
            "4_select": 0.002504587173461914,
            "5_unroll": 0.0033941268920898438,
            "6_rename": 0.002680063247680664,
            "7_genid": 0.002874135971069336,
            "8_unzip": 0.0032033920288085938,
            "9_copy": 0.0029113292694091797,
            "10_filter": 0.009156227111816406
        },
        "create_base_extracted_entities": {
            "overall": 63.68889284133911,
            "0_entity_extract": 63.651159048080444,
            "1_snapshot": 0.009377241134643555,
            "2_merge_graphs": 0.015197038650512695,
            "3_snapshot_rows": 0.009230375289916992
        },
        "create_summarized_entities": {
            "overall": 2.777655839920044,
            "0_summarize_descriptions": 2.767125129699707,
            "1_snapshot_rows": 0.005986928939819336
        },
        "create_base_entity_graph": {
            "overall": 0.16564512252807617,
            "0_cluster_graph": 0.014225482940673828,
            "1_snapshot_rows": 0.005803823471069336,
            "2_embed_graph": 0.12918925285339355,
            "3_snapshot_rows": 0.0062830448150634766,
            "4_select": 0.0055124759674072266
        },
        "create_final_entities": {
            "overall": 0.5305116176605225,
            "0_unpack_graph": 0.008227825164794922,
            "1_rename": 0.0058135986328125,
            "2_select": 0.0058746337890625,
            "3_dedupe": 0.006219148635864258,
            "4_rename": 0.006105184555053711,
            "5_filter": 0.014895915985107422,
            "6_text_split": 0.006891489028930664,
            "7_drop": 0.006699562072753906,
            "8_merge": 0.011002302169799805,
            "9_text_embed": 0.42935824394226074,
            "10_drop": 0.007242441177368164,
            "11_filter": 0.01659083366394043
        },
        "create_final_nodes": {
            "overall": 4.287124395370483,
            "0_layout_graph": 4.083139181137085,
            "1_unpack_graph": 0.011016368865966797,
            "2_unpack_graph": 0.010842561721801758,
            "3_drop": 0.008396625518798828,
            "4_filter": 0.018999099731445312,
            "5_select": 0.0085296630859375,
            "6_snapshot": 0.009891271591186523,
            "7_rename": 0.0173492431640625,
            "8_join": 0.035448551177978516,
            "9_convert": 0.0585789680480957,
            "10_rename": 0.016262292861938477
        },
        "create_final_communities": {
            "overall": 0.3125150203704834,
            "0_unpack_graph": 0.021249055862426758,
            "1_unpack_graph": 0.02173590660095215,
            "2_aggregate_override": 0.020685911178588867,
            "3_join": 0.025034189224243164,
            "4_join": 0.02474212646484375,
            "5_concat": 0.018808841705322266,
            "6_filter": 0.047237396240234375,
            "7_aggregate_override": 0.02262139320373535,
            "8_join": 0.021846771240234375,
            "9_filter": 0.024828672409057617,
            "10_fill": 0.011223316192626953,
            "11_merge": 0.012466907501220703,
            "12_copy": 0.011584043502807617,
            "13_select": 0.011487483978271484
        },
        "join_text_units_to_entity_ids": {
            "overall": 0.049097299575805664,
            "0_select": 0.011656045913696289,
            "1_unroll": 0.012630462646484375,
            "2_aggregate_override": 0.013053417205810547
        },
        "create_final_relationships": {
            "overall": 0.1620314121246338,
            "0_unpack_graph": 0.01467585563659668,
            "1_filter": 0.026848554611206055,
            "2_rename": 0.012694358825683594,
            "3_filter": 0.027358531951904297,
            "4_drop": 0.012835502624511719,
            "5_compute_edge_combined_degree": 0.01508641242980957,
            "6_convert": 0.0267484188079834,
            "7_convert": 0.013182640075683594
        },
        "join_text_units_to_relationship_ids": {
            "overall": 0.07105565071105957,
            "0_select": 0.013563156127929688,
            "1_unroll": 0.014618396759033203,
            "2_aggregate_override": 0.015135765075683594,
            "3_select": 0.014130353927612305
        },
        "create_final_community_reports": {
            "overall": 38.347832679748535,
            "0_prepare_community_reports_nodes": 0.015374422073364258,
            "1_prepare_community_reports_edges": 0.01530146598815918,
            "2_restore_community_hierarchy": 0.01676654815673828,
            "3_prepare_community_reports": 0.04250478744506836,
            "4_create_community_reports": 38.21473526954651,
            "5_window": 0.028598546981811523
        },
        "create_final_text_units": {
            "overall": 0.11801457405090332,
            "0_select": 0.015498638153076172,
            "1_rename": 0.015570640563964844,
            "2_join": 0.018906354904174805,
            "3_join": 0.01876091957092285,
            "4_aggregate_override": 0.01749730110168457,
            "5_select": 0.01649785041809082
        },
        "create_base_documents": {
            "overall": 0.19622254371643066,
            "0_unroll": 0.017154455184936523,
            "1_select": 0.016750812530517578,
            "2_rename": 0.016866445541381836,
            "3_join": 0.01973414421081543,
            "4_aggregate_override": 0.01852703094482422,
            "5_join": 0.020259857177734375,
            "6_rename": 0.017320871353149414,
            "7_convert": 0.053322792053222656
        },
        "create_final_documents": {
            "overall": 0.03526926040649414,
            "0_rename": 0.017768144607543945
        }
    }
}