{
    "total_runtime": 114.53914475440979,
    "num_documents": 29,
    "input_load_time": 0,
    "workflows": {
        "create_base_text_units": {
            "overall": 0.18698811531066895,
            "0_orderby": 0.0019867420196533203,
            "1_zip": 0.002006053924560547,
            "2_aggregate_override": 0.003519773483276367,
            "3_chunk": 0.15287232398986816,
            "4_select": 0.0024509429931640625,
            "5_unroll": 0.003185749053955078,
            "6_rename": 0.0022437572479248047,
            "7_genid": 0.0034935474395751953,
            "8_unzip": 0.0027997493743896484,
            "9_copy": 0.0024251937866210938,
            "10_filter": 0.008237838745117188
        },
        "create_base_extracted_entities": {
            "overall": 11.53796124458313,
            "0_entity_extract": 11.455798625946045,
            "1_snapshot": 0.015171527862548828,
            "2_merge_graphs": 0.058653831481933594,
            "3_snapshot_rows": 0.005335569381713867
        },
        "create_summarized_entities": {
            "overall": 3.3520257472991943,
            "0_summarize_descriptions": 3.3383383750915527,
            "1_snapshot_rows": 0.010004997253417969
        },
        "create_base_entity_graph": {
            "overall": 1.7967007160186768,
            "0_cluster_graph": 0.10726785659790039,
            "1_snapshot_rows": 0.010048627853393555,
            "2_embed_graph": 1.650022029876709,
            "3_snapshot_rows": 0.013753652572631836,
            "4_select": 0.011402368545532227
        },
        "create_final_entities": {
            "overall": 0.8247504234313965,
            "0_unpack_graph": 0.03853249549865723,
            "1_rename": 0.0051882266998291016,
            "2_select": 0.005064487457275391,
            "3_dedupe": 0.0053958892822265625,
            "4_rename": 0.005141019821166992,
            "5_filter": 0.014151334762573242,
            "6_text_split": 0.008130073547363281,
            "7_drop": 0.005789995193481445,
            "8_merge": 0.032865285873413086,
            "9_text_embed": 0.6770858764648438,
            "10_drop": 0.0062367916107177734,
            "11_filter": 0.01592087745666504
        },
        "create_final_nodes": {
            "overall": 8.771100759506226,
            "0_layout_graph": 8.577969551086426,
            "1_unpack_graph": 0.04496002197265625,
            "2_unpack_graph": 0.04612016677856445,
            "3_filter": 0.021844148635864258,
            "4_drop": 0.007279396057128906,
            "5_select": 0.007029294967651367,
            "6_snapshot": 0.008436918258666992,
            "7_rename": 0.007317543029785156,
            "8_join": 0.011496782302856445,
            "9_convert": 0.0241086483001709,
            "10_rename": 0.007811546325683594
        },
        "create_final_communities": {
            "overall": 0.3006160259246826,
            "0_unpack_graph": 0.04399824142456055,
            "1_unpack_graph": 0.042165279388427734,
            "2_aggregate_override": 0.01008152961730957,
            "3_join": 0.013362884521484375,
            "4_join": 0.013132095336914062,
            "5_concat": 0.00876927375793457,
            "6_filter": 0.07121586799621582,
            "7_aggregate_override": 0.01326441764831543,
            "8_join": 0.012057065963745117,
            "9_filter": 0.020938634872436523,
            "10_fill": 0.009224414825439453,
            "11_merge": 0.014111518859863281,
            "12_copy": 0.00957345962524414,
            "13_select": 0.009682893753051758
        },
        "join_text_units_to_entity_ids": {
            "overall": 0.06913208961486816,
            "0_select": 0.01020050048828125,
            "1_unroll": 0.016352176666259766,
            "2_aggregate_override": 0.032380104064941406
        },
        "create_final_relationships": {
            "overall": 0.20638751983642578,
            "0_unpack_graph": 0.05449986457824707,
            "1_filter": 0.029011964797973633,
            "2_rename": 0.010770082473754883,
            "3_filter": 0.02849411964416504,
            "4_drop": 0.01103353500366211,
            "5_compute_edge_combined_degree": 0.013416528701782227,
            "6_convert": 0.0226895809173584,
            "7_convert": 0.011362552642822266
        },
        "join_text_units_to_relationship_ids": {
            "overall": 0.061952829360961914,
            "0_select": 0.011651277542114258,
            "1_unroll": 0.012729883193969727,
            "2_aggregate_override": 0.013608455657958984,
            "3_select": 0.012003660202026367
        },
        "create_final_community_reports": {
            "overall": 82.6260929107666,
            "0_prepare_community_reports_nodes": 0.022461891174316406,
            "1_prepare_community_reports_edges": 0.015427589416503906,
            "2_restore_community_hierarchy": 0.016314268112182617,
            "3_prepare_community_reports": 0.1638326644897461,
            "4_create_community_reports": 82.34944868087769,
            "5_window": 0.02973175048828125
        },
        "create_final_text_units": {
            "overall": 0.1016850471496582,
            "0_select": 0.013293027877807617,
            "1_rename": 0.013138294219970703,
            "2_join": 0.016416072845458984,
            "3_join": 0.016370296478271484,
            "4_aggregate_override": 0.015144586563110352,
            "5_select": 0.013761281967163086
        },
        "create_base_documents": {
            "overall": 0.16907095909118652,
            "0_unroll": 0.014859437942504883,
            "1_select": 0.01407313346862793,
            "2_rename": 0.014489173889160156,
            "3_join": 0.017360210418701172,
            "4_aggregate_override": 0.01577591896057129,
            "5_join": 0.017518281936645508,
            "6_rename": 0.014797687530517578,
            "7_convert": 0.04581570625305176
        },
        "create_final_documents": {
            "overall": 0.031182527542114258,
            "0_rename": 0.015350818634033203
        }
    }
}