{
    "total_runtime": 164.21068453788757,
    "num_documents": 31,
    "input_load_time": 0,
    "workflows": {
        "create_base_text_units": {
            "overall": 0.215986967086792,
            "0_orderby": 0.0019061565399169922,
            "1_zip": 0.001984834671020508,
            "2_aggregate_override": 0.00348663330078125,
            "3_chunk": 0.18029427528381348,
            "4_select": 0.0026044845581054688,
            "5_unroll": 0.0032629966735839844,
            "6_rename": 0.002194643020629883,
            "7_genid": 0.004556179046630859,
            "8_unzip": 0.002838611602783203,
            "9_copy": 0.0024101734161376953,
            "10_filter": 0.008506536483764648
        },
        "create_base_extracted_entities": {
            "overall": 61.943328619003296,
            "0_entity_extract": 61.87536072731018,
            "1_snapshot": 0.014420747756958008,
            "2_merge_graphs": 0.045920610427856445,
            "3_snapshot_rows": 0.004571437835693359
        },
        "create_summarized_entities": {
            "overall": 15.001859188079834,
            "0_summarize_descriptions": 14.991438865661621,
            "1_snapshot_rows": 0.006723165512084961
        },
        "create_base_entity_graph": {
            "overall": 4.040543556213379,
            "0_cluster_graph": 0.42760419845581055,
            "1_snapshot_rows": 0.016041040420532227,
            "2_embed_graph": 3.5762650966644287,
            "3_snapshot_rows": 0.01169729232788086,
            "4_select": 0.004837512969970703
        },
        "create_final_entities": {
            "overall": 2.1192238330841064,
            "0_unpack_graph": 0.09192991256713867,
            "1_rename": 0.005422353744506836,
            "2_select": 0.005212068557739258,
            "3_dedupe": 0.005507469177246094,
            "4_rename": 0.005181789398193359,
            "5_filter": 0.015527009963989258,
            "6_text_split": 0.009586334228515625,
            "7_drop": 0.0057260990142822266,
            "8_merge": 0.04654979705810547,
            "9_text_embed": 1.8931083679199219,
            "10_drop": 0.012463092803955078,
            "11_filter": 0.017743825912475586
        },
        "create_final_nodes": {
            "overall": 12.154456377029419,
            "0_layout_graph": 11.36827540397644,
            "1_unpack_graph": 0.33736562728881836,
            "2_unpack_graph": 0.33565425872802734,
            "3_drop": 0.007512807846069336,
            "4_filter": 0.03014659881591797,
            "5_select": 0.007280588150024414,
            "6_snapshot": 0.00844430923461914,
            "7_rename": 0.007241010665893555,
            "8_convert": 0.02371525764465332,
            "9_join": 0.012560367584228516,
            "10_rename": 0.008107185363769531
        },
        "create_final_communities": {
            "overall": 0.8704426288604736,
            "0_unpack_graph": 0.10844993591308594,
            "1_unpack_graph": 0.32418346405029297,
            "2_aggregate_override": 0.01038813591003418,
            "3_join": 0.018261432647705078,
            "4_join": 0.018441438674926758,
            "5_concat": 0.009513139724731445,
            "6_filter": 0.2780792713165283,
            "7_aggregate_override": 0.01577901840209961,
            "8_join": 0.012034177780151367,
            "9_filter": 0.021550416946411133,
            "10_fill": 0.00921177864074707,
            "11_merge": 0.01634049415588379,
            "12_copy": 0.009505271911621094,
            "13_select": 0.009633541107177734
        },
        "join_text_units_to_entity_ids": {
            "overall": 0.04325556755065918,
            "0_select": 0.009951591491699219,
            "1_unroll": 0.011043310165405273,
            "2_aggregate_override": 0.012180328369140625
        },
        "create_final_relationships": {
            "overall": 0.2978980541229248,
            "0_unpack_graph": 0.1261732578277588,
            "1_filter": 0.037044525146484375,
            "2_rename": 0.010923147201538086,
            "3_filter": 0.0393216609954834,
            "4_drop": 0.011182785034179688,
            "5_compute_edge_combined_degree": 0.013540506362915039,
            "6_convert": 0.022702932357788086,
            "7_convert": 0.011466026306152344
        },
        "join_text_units_to_relationship_ids": {
            "overall": 0.07159066200256348,
            "0_select": 0.011830806732177734,
            "1_unroll": 0.013250589370727539,
            "2_aggregate_override": 0.01612091064453125,
            "3_select": 0.013933181762695312
        },
        "create_final_community_reports": {
            "overall": 61.726417541503906,
            "0_prepare_community_reports_nodes": 0.03250575065612793,
            "1_prepare_community_reports_edges": 0.016983985900878906,
            "2_restore_community_hierarchy": 0.017606258392333984,
            "3_prepare_community_reports": 0.29750776290893555,
            "4_create_community_reports": 61.33052849769592,
            "5_window": 0.015983104705810547
        },
        "create_final_text_units": {
            "overall": 0.10672736167907715,
            "0_select": 0.015294551849365234,
            "1_rename": 0.015679121017456055,
            "2_join": 0.016827106475830078,
            "3_join": 0.016317367553710938,
            "4_aggregate_override": 0.01496124267578125,
            "5_select": 0.013691902160644531
        },
        "create_base_documents": {
            "overall": 0.16696929931640625,
            "0_unroll": 0.014862060546875,
            "1_select": 0.014343023300170898,
            "2_rename": 0.014489412307739258,
            "3_join": 0.017043590545654297,
            "4_aggregate_override": 0.015497446060180664,
            "5_join": 0.01703166961669922,
            "6_rename": 0.014689207077026367,
            "7_convert": 0.044742584228515625
        },
        "create_final_documents": {
            "overall": 0.03061532974243164,
            "0_rename": 0.015228509902954102
        }
    }
}