{
    "total_runtime": 207.8953399658203,
    "num_documents": 276,
    "input_load_time": 0,
    "workflows": {
        "create_base_text_units": {
            "overall": 0.2619748115539551,
            "0_orderby": 0.0021216869354248047,
            "1_zip": 0.002187013626098633,
            "2_aggregate_override": 0.0053462982177734375,
            "3_chunk": 0.21919703483581543,
            "4_select": 0.0025625228881835938,
            "5_unroll": 0.003309011459350586,
            "6_rename": 0.002260446548461914,
            "7_genid": 0.007950782775878906,
            "8_unzip": 0.0028944015502929688,
            "9_copy": 0.002519369125366211,
            "10_filter": 0.009938955307006836
        },
        "create_base_extracted_entities": {
            "overall": 15.134463548660278,
            "0_entity_extract": 14.953209161758423,
            "1_snapshot": 0.052280426025390625,
            "2_merge_graphs": 0.11893725395202637,
            "3_snapshot_rows": 0.007110118865966797
        },
        "create_summarized_entities": {
            "overall": 4.914982557296753,
            "0_summarize_descriptions": 4.903217077255249,
            "1_snapshot_rows": 0.008007049560546875
        },
        "create_base_entity_graph": {
            "overall": 12.508212327957153,
            "0_cluster_graph": 0.9618191719055176,
            "1_snapshot_rows": 0.02579188346862793,
            "2_embed_graph": 11.485111474990845,
            "3_snapshot_rows": 0.022137880325317383,
            "4_select": 0.009137153625488281
        },
        "create_final_entities": {
            "overall": 4.132139682769775,
            "0_unpack_graph": 0.47063446044921875,
            "1_rename": 0.005489349365234375,
            "2_select": 0.0052585601806640625,
            "3_dedupe": 0.005578756332397461,
            "4_rename": 0.005154609680175781,
            "5_filter": 0.018156051635742188,
            "6_text_split": 0.012569427490234375,
            "7_drop": 0.00570368766784668,
            "8_merge": 0.08082079887390137,
            "9_text_embed": 3.4774622917175293,
            "10_drop": 0.012452840805053711,
            "11_filter": 0.020325422286987305
        },
        "create_final_nodes": {
            "overall": 16.648616075515747,
            "0_layout_graph": 14.931832551956177,
            "1_unpack_graph": 0.7639665603637695,
            "2_unpack_graph": 0.8177812099456787,
            "3_filter": 0.043177127838134766,
            "4_drop": 0.007489681243896484,
            "5_select": 0.0069959163665771484,
            "6_snapshot": 0.008771896362304688,
            "7_rename": 0.00719904899597168,
            "8_convert": 0.023296833038330078,
            "9_join": 0.01373147964477539,
            "10_rename": 0.008207321166992188
        },
        "create_final_communities": {
            "overall": 2.3211517333984375,
            "0_unpack_graph": 0.5558433532714844,
            "1_unpack_graph": 0.7610480785369873,
            "2_aggregate_override": 0.010593414306640625,
            "3_join": 0.03439807891845703,
            "4_join": 0.03297901153564453,
            "5_concat": 0.01177835464477539,
            "6_filter": 0.7802097797393799,
            "7_aggregate_override": 0.026560544967651367,
            "8_join": 0.012274742126464844,
            "9_filter": 0.023247480392456055,
            "10_fill": 0.009107351303100586,
            "11_merge": 0.027342796325683594,
            "12_copy": 0.009449005126953125,
            "13_select": 0.009511470794677734
        },
        "join_text_units_to_entity_ids": {
            "overall": 0.06736588478088379,
            "0_select": 0.016278982162475586,
            "1_unroll": 0.011178016662597656,
            "2_aggregate_override": 0.016283035278320312
        },
        "create_final_relationships": {
            "overall": 0.795971155166626,
            "0_unpack_graph": 0.5535132884979248,
            "1_filter": 0.050423622131347656,
            "2_rename": 0.011772871017456055,
            "3_filter": 0.06870794296264648,
            "4_drop": 0.011265039443969727,
            "5_compute_edge_combined_degree": 0.014119386672973633,
            "6_convert": 0.02336859703063965,
            "7_convert": 0.011988639831542969
        },
        "join_text_units_to_relationship_ids": {
            "overall": 0.06577587127685547,
            "0_select": 0.011380910873413086,
            "1_unroll": 0.013073921203613281,
            "2_aggregate_override": 0.017549753189086914,
            "3_select": 0.01217508316040039
        },
        "create_final_community_reports": {
            "overall": 143.29416918754578,
            "0_prepare_community_reports_nodes": 0.04920554161071777,
            "1_prepare_community_reports_edges": 0.024814367294311523,
            "2_restore_community_hierarchy": 0.0249636173248291,
            "3_prepare_community_reports": 0.6725802421569824,
            "4_create_community_reports": 142.47126293182373,
            "5_window": 0.020927906036376953
        },
        "create_final_text_units": {
            "overall": 0.10037612915039062,
            "0_select": 0.013025283813476562,
            "1_rename": 0.012929677963256836,
            "2_join": 0.01623821258544922,
            "3_join": 0.016349077224731445,
            "4_aggregate_override": 0.014966011047363281,
            "5_select": 0.013610363006591797
        },
        "create_base_documents": {
            "overall": 0.1678774356842041,
            "0_unroll": 0.015027761459350586,
            "1_select": 0.014041900634765625,
            "2_rename": 0.014050722122192383,
            "3_join": 0.016957521438598633,
            "4_aggregate_override": 0.017078161239624023,
            "5_join": 0.017302513122558594,
            "6_rename": 0.014714717864990234,
            "7_convert": 0.04458022117614746
        },
        "create_final_documents": {
            "overall": 0.030104875564575195,
            "0_rename": 0.014949798583984375
        }
    }
}