{
    "total_runtime": 115.8081316947937,
    "num_documents": 29,
    "input_load_time": 0,
    "workflows": {
        "create_base_text_units": {
            "overall": 0.19265508651733398,
            "0_orderby": 0.0024721622467041016,
            "1_zip": 0.0023474693298339844,
            "2_aggregate_override": 0.00439906120300293,
            "3_chunk": 0.1557304859161377,
            "4_select": 0.002549409866333008,
            "5_unroll": 0.0033512115478515625,
            "6_rename": 0.0021924972534179688,
            "7_genid": 0.0034308433532714844,
            "8_unzip": 0.0028433799743652344,
            "9_copy": 0.002396106719970703,
            "10_filter": 0.008659839630126953
        },
        "create_base_extracted_entities": {
            "overall": 5.726459264755249,
            "0_entity_extract": 5.663906574249268,
            "1_snapshot": 0.014708280563354492,
            "2_merge_graphs": 0.03944563865661621,
            "3_snapshot_rows": 0.005328178405761719
        },
        "create_summarized_entities": {
            "overall": 5.42109227180481,
            "0_summarize_descriptions": 5.4058473110198975,
            "1_snapshot_rows": 0.01151585578918457
        },
        "create_base_entity_graph": {
            "overall": 1.777604579925537,
            "0_cluster_graph": 0.09527301788330078,
            "1_snapshot_rows": 0.009855031967163086,
            "2_embed_graph": 1.6420354843139648,
            "3_snapshot_rows": 0.014256954193115234,
            "4_select": 0.011965036392211914
        },
        "create_final_entities": {
            "overall": 0.8159224987030029,
            "0_unpack_graph": 0.04324030876159668,
            "1_rename": 0.0054323673248291016,
            "2_select": 0.0050585269927978516,
            "3_dedupe": 0.005322933197021484,
            "4_rename": 0.005064487457275391,
            "5_filter": 0.013976097106933594,
            "6_text_split": 0.00796961784362793,
            "7_drop": 0.005745649337768555,
            "8_merge": 0.03301072120666504,
            "9_text_embed": 0.6634707450866699,
            "10_drop": 0.006541252136230469,
            "11_filter": 0.01583576202392578
        },
        "create_final_nodes": {
            "overall": 8.784042596817017,
            "0_layout_graph": 8.593626737594604,
            "1_unpack_graph": 0.04446911811828613,
            "2_unpack_graph": 0.0442500114440918,
            "3_drop": 0.007248640060424805,
            "4_filter": 0.021409034729003906,
            "5_select": 0.007157802581787109,
            "6_snapshot": 0.00847005844116211,
            "7_rename": 0.007202863693237305,
            "8_convert": 0.023462295532226562,
            "9_join": 0.01196146011352539,
            "10_rename": 0.007795810699462891
        },
        "create_final_communities": {
            "overall": 0.30317091941833496,
            "0_unpack_graph": 0.04246044158935547,
            "1_unpack_graph": 0.0475311279296875,
            "2_aggregate_override": 0.010462284088134766,
            "3_join": 0.013513565063476562,
            "4_join": 0.013098001480102539,
            "5_concat": 0.00874471664428711,
            "6_filter": 0.07136702537536621,
            "7_aggregate_override": 0.012906789779663086,
            "8_join": 0.011890888214111328,
            "9_filter": 0.020450353622436523,
            "10_fill": 0.009042501449584961,
            "11_merge": 0.013928413391113281,
            "12_copy": 0.009352445602416992,
            "13_select": 0.009645223617553711
        },
        "join_text_units_to_entity_ids": {
            "overall": 0.04200100898742676,
            "0_select": 0.009774208068847656,
            "1_unroll": 0.010735511779785156,
            "2_aggregate_override": 0.01151895523071289
        },
        "create_final_relationships": {
            "overall": 0.20371007919311523,
            "0_unpack_graph": 0.053656578063964844,
            "1_filter": 0.028533935546875,
            "2_rename": 0.010620832443237305,
            "3_filter": 0.02812957763671875,
            "4_drop": 0.010953426361083984,
            "5_compute_edge_combined_degree": 0.013193368911743164,
            "6_convert": 0.022212982177734375,
            "7_convert": 0.011138677597045898
        },
        "join_text_units_to_relationship_ids": {
            "overall": 0.06084418296813965,
            "0_select": 0.011409282684326172,
            "1_unroll": 0.012522459030151367,
            "2_aggregate_override": 0.013248920440673828,
            "3_select": 0.011985301971435547
        },
        "create_final_community_reports": {
            "overall": 87.46003270149231,
            "0_prepare_community_reports_nodes": 0.01916027069091797,
            "1_prepare_community_reports_edges": 0.015211105346679688,
            "2_restore_community_hierarchy": 0.016004085540771484,
            "3_prepare_community_reports": 0.1587991714477539,
            "4_create_community_reports": 87.21858143806458,
            "5_window": 0.01964116096496582
        },
        "create_final_text_units": {
            "overall": 0.10018205642700195,
            "0_select": 0.013194561004638672,
            "1_rename": 0.012882232666015625,
            "2_join": 0.016184091567993164,
            "3_join": 0.016188621520996094,
            "4_aggregate_override": 0.014756202697753906,
            "5_select": 0.013620376586914062
        },
        "create_base_documents": {
            "overall": 0.16646337509155273,
            "0_unroll": 0.014809131622314453,
            "1_select": 0.01407623291015625,
            "2_rename": 0.014175891876220703,
            "3_join": 0.01700901985168457,
            "4_aggregate_override": 0.015529155731201172,
            "5_join": 0.01749110221862793,
            "6_rename": 0.014562845230102539,
            "7_convert": 0.0445551872253418
        },
        "create_final_documents": {
            "overall": 0.03035712242126465,
            "0_rename": 0.01483607292175293
        }
    }
}