{
    "total_runtime": 1.1895015239715576,
    "num_documents": 2,
    "input_load_time": 0,
    "workflows": {
        "create_base_text_units": {
            "overall": 0.5614962577819824,
            "0_orderby": 0.0063283443450927734,
            "1_zip": 0.013828754425048828,
            "2_aggregate_override": 0.012417078018188477,
            "3_chunk": 0.42652010917663574,
            "4_select": 0.008364677429199219,
            "5_unroll": 0.010589122772216797,
            "6_rename": 0.008845090866088867,
            "7_genid": 0.010071039199829102,
            "8_unzip": 0.01095890998840332,
            "9_copy": 0.010608911514282227,
            "10_filter": 0.03231191635131836
        },
        "create_base_extracted_entities": {
            "overall": 0.1365056037902832,
            "0_entity_extract": 0.04982900619506836,
            "1_snapshot": 0.024585723876953125,
            "2_merge_graphs": 0.023193836212158203,
            "3_snapshot_rows": 0.023336172103881836
        }
    }
}