{
    "total_runtime": 73.67031192779541,
    "num_documents": 275,
    "input_load_time": 0,
    "workflows": {
        "create_base_text_units": {
            "overall": 0.25490403175354004,
            "0_orderby": 0.0019307136535644531,
            "1_zip": 0.0020859241485595703,
            "2_aggregate_override": 0.005155324935913086,
            "3_chunk": 0.21369361877441406,
            "4_select": 0.002651691436767578,
            "5_unroll": 0.0031468868255615234,
            "6_rename": 0.0022492408752441406,
            "7_genid": 0.007176637649536133,
            "8_unzip": 0.0029497146606445312,
            "9_copy": 0.002429485321044922,
            "10_filter": 0.00968313217163086
        },
        "create_base_extracted_entities": {
            "overall": 0.7701122760772705,
            "0_entity_extract": 0.6156988143920898,
            "1_snapshot": 0.03090071678161621,
            "2_merge_graphs": 0.11470341682434082,
            "3_snapshot_rows": 0.005731344223022461
        },
        "create_summarized_entities": {
            "overall": 1.7349872589111328,
            "0_summarize_descriptions": 1.7226130962371826,
            "1_snapshot_rows": 0.008516073226928711
        },
        "create_base_entity_graph": {
            "overall": 10.806865215301514,
            "0_cluster_graph": 0.9126987457275391,
            "1_snapshot_rows": 0.024164676666259766,
            "2_embed_graph": 9.841238260269165,
            "3_snapshot_rows": 0.016495466232299805,
            "4_select": 0.007798910140991211
        },
        "create_final_entities": {
            "overall": 1.7144105434417725,
            "0_unpack_graph": 0.24431657791137695,
            "1_rename": 0.0051386356353759766,
            "2_select": 0.005336761474609375,
            "3_dedupe": 0.005756378173828125,
            "4_rename": 0.005423545837402344,
            "5_filter": 0.018169403076171875,
            "6_text_split": 0.012911319732666016,
            "7_drop": 0.005813121795654297,
            "8_merge": 0.07657623291015625,
            "9_text_embed": 1.2888798713684082,
            "10_drop": 0.012705326080322266,
            "11_filter": 0.021254777908325195
        },
        "create_final_nodes": {
            "overall": 15.843538522720337,
            "0_layout_graph": 14.638399362564087,
            "1_unpack_graph": 0.543438196182251,
            "2_unpack_graph": 0.5228633880615234,
            "3_filter": 0.04474043846130371,
            "4_drop": 0.007729291915893555,
            "5_select": 0.007065534591674805,
            "6_snapshot": 0.009430885314941406,
            "7_rename": 0.007253408432006836,
            "8_convert": 0.023737668991088867,
            "9_join": 0.014616966247558594,
            "10_rename": 0.008357048034667969
        },
        "create_final_communities": {
            "overall": 1.7880680561065674,
            "0_unpack_graph": 0.2759537696838379,
            "1_unpack_graph": 0.5349290370941162,
            "2_aggregate_override": 0.010348081588745117,
            "3_join": 0.0400540828704834,
            "4_join": 0.039212942123413086,
            "5_concat": 0.012002944946289062,
            "6_filter": 0.7522938251495361,
            "7_aggregate_override": 0.02537846565246582,
            "8_join": 0.012205362319946289,
            "9_filter": 0.023281097412109375,
            "10_fill": 0.009055614471435547,
            "11_merge": 0.024764299392700195,
            "12_copy": 0.009424448013305664,
            "13_select": 0.009426116943359375
        },
        "join_text_units_to_entity_ids": {
            "overall": 0.04714322090148926,
            "0_select": 0.009739160537719727,
            "1_unroll": 0.011186599731445312,
            "2_aggregate_override": 0.015789270401000977
        },
        "create_final_relationships": {
            "overall": 0.5253715515136719,
            "0_unpack_graph": 0.3085300922393799,
            "1_filter": 0.05325603485107422,
            "2_rename": 0.01122283935546875,
            "3_filter": 0.06680488586425781,
            "4_drop": 0.011256933212280273,
            "5_compute_edge_combined_degree": 0.014795064926147461,
            "6_convert": 0.022652149200439453,
            "7_convert": 0.011960029602050781
        },
        "join_text_units_to_relationship_ids": {
            "overall": 0.0654296875,
            "0_select": 0.011430501937866211,
            "1_unroll": 0.013113021850585938,
            "2_aggregate_override": 0.017262697219848633,
            "3_select": 0.011745214462280273
        },
        "create_final_community_reports": {
            "overall": 33.258567333221436,
            "0_prepare_community_reports_nodes": 0.04822874069213867,
            "1_prepare_community_reports_edges": 0.023859024047851562,
            "2_restore_community_hierarchy": 0.0238802433013916,
            "3_prepare_community_reports": 0.6164793968200684,
            "4_create_community_reports": 32.50047564506531,
            "5_window": 0.01571035385131836
        },
        "create_final_text_units": {
            "overall": 0.09983491897583008,
            "0_select": 0.012913227081298828,
            "1_rename": 0.01264333724975586,
            "2_join": 0.016135692596435547,
            "3_join": 0.016117572784423828,
            "4_aggregate_override": 0.014737606048583984,
            "5_select": 0.013398170471191406
        },
        "create_base_documents": {
            "overall": 0.1663193702697754,
            "0_unroll": 0.014816522598266602,
            "1_select": 0.01393437385559082,
            "2_rename": 0.013979434967041016,
            "3_join": 0.0168612003326416,
            "4_aggregate_override": 0.01704549789428711,
            "5_join": 0.017139196395874023,
            "6_rename": 0.014406919479370117,
            "7_convert": 0.0442655086517334
        },
        "create_final_documents": {
            "overall": 0.02971792221069336,
            "0_rename": 0.01472163200378418
        }
    }
}