{
    "total_runtime": 130.21329140663147,
    "num_documents": 31,
    "input_load_time": 0,
    "workflows": {
        "create_base_text_units": {
            "overall": 0.1911180019378662,
            "0_orderby": 0.0020248889923095703,
            "1_zip": 0.0020148754119873047,
            "2_aggregate_override": 0.003513813018798828,
            "3_chunk": 0.15716147422790527,
            "4_select": 0.0023565292358398438,
            "5_unroll": 0.003131866455078125,
            "6_rename": 0.0021584033966064453,
            "7_genid": 0.003922224044799805,
            "8_unzip": 0.0027501583099365234,
            "9_copy": 0.002363443374633789,
            "10_filter": 0.007972478866577148
        },
        "create_base_extracted_entities": {
            "overall": 50.99076008796692,
            "0_entity_extract": 50.934940338134766,
            "1_snapshot": 0.01241302490234375,
            "2_merge_graphs": 0.03594040870666504,
            "3_snapshot_rows": 0.004477024078369141
        },
        "create_summarized_entities": {
            "overall": 11.975165605545044,
            "0_summarize_descriptions": 11.962703943252563,
            "1_snapshot_rows": 0.008841514587402344
        },
        "create_base_entity_graph": {
            "overall": 2.7521262168884277,
            "0_cluster_graph": 0.1584157943725586,
            "1_snapshot_rows": 0.011078834533691406,
            "2_embed_graph": 2.561732053756714,
            "3_snapshot_rows": 0.010606527328491211,
            "4_select": 0.006063699722290039
        },
        "create_final_entities": {
            "overall": 1.492532730102539,
            "0_unpack_graph": 0.061696529388427734,
            "1_rename": 0.005213260650634766,
            "2_select": 0.005064725875854492,
            "3_dedupe": 0.005348920822143555,
            "4_rename": 0.005077362060546875,
            "5_filter": 0.014098644256591797,
            "6_text_split": 0.00884556770324707,
            "7_drop": 0.005602121353149414,
            "8_merge": 0.04042673110961914,
            "9_text_embed": 1.3133692741394043,
            "10_drop": 0.006640434265136719,
            "11_filter": 0.016148090362548828
        },
        "create_final_nodes": {
            "overall": 10.216112613677979,
            "0_layout_graph": 9.714450597763062,
            "1_unpack_graph": 0.3047010898590088,
            "2_unpack_graph": 0.07294821739196777,
            "3_drop": 0.007349491119384766,
            "4_filter": 0.04334592819213867,
            "5_select": 0.0073184967041015625,
            "6_snapshot": 0.008243799209594727,
            "7_rename": 0.0072171688079833984,
            "8_join": 0.011889934539794922,
            "9_convert": 0.023860931396484375,
            "10_rename": 0.007886648178100586
        },
        "create_final_communities": {
            "overall": 0.4720757007598877,
            "0_unpack_graph": 0.07077479362487793,
            "1_unpack_graph": 0.07852625846862793,
            "2_aggregate_override": 0.010594606399536133,
            "3_join": 0.015561103820800781,
            "4_join": 0.016796588897705078,
            "5_concat": 0.009459495544433594,
            "6_filter": 0.14760613441467285,
            "7_aggregate_override": 0.014163017272949219,
            "8_join": 0.011954307556152344,
            "9_filter": 0.020865917205810547,
            "10_fill": 0.009122133255004883,
            "11_merge": 0.02066349983215332,
            "12_copy": 0.027684450149536133,
            "13_select": 0.009440422058105469
        },
        "join_text_units_to_entity_ids": {
            "overall": 0.05857229232788086,
            "0_select": 0.014029979705810547,
            "1_unroll": 0.014742136001586914,
            "2_aggregate_override": 0.015954971313476562
        },
        "create_final_relationships": {
            "overall": 0.25340747833251953,
            "0_unpack_graph": 0.08213663101196289,
            "1_filter": 0.03241252899169922,
            "2_rename": 0.020825862884521484,
            "3_filter": 0.03359627723693848,
            "4_drop": 0.010970592498779297,
            "5_compute_edge_combined_degree": 0.013504981994628906,
            "6_convert": 0.022376060485839844,
            "7_convert": 0.011731624603271484
        },
        "join_text_units_to_relationship_ids": {
            "overall": 0.06141996383666992,
            "0_select": 0.01160430908203125,
            "1_unroll": 0.012615203857421875,
            "2_aggregate_override": 0.013543128967285156,
            "3_select": 0.012026309967041016
        },
        "create_final_community_reports": {
            "overall": 45.88810443878174,
            "0_prepare_community_reports_nodes": 0.02748250961303711,
            "1_prepare_community_reports_edges": 0.016392230987548828,
            "2_restore_community_hierarchy": 0.01692676544189453,
            "3_prepare_community_reports": 0.2650749683380127,
            "4_create_community_reports": 45.5136022567749,
            "5_window": 0.019333362579345703
        },
        "create_final_text_units": {
            "overall": 0.13775968551635742,
            "0_select": 0.01821732521057129,
            "1_rename": 0.017888545989990234,
            "2_join": 0.021733522415161133,
            "3_join": 0.02245306968688965,
            "4_aggregate_override": 0.020693302154541016,
            "5_select": 0.01875019073486328
        },
        "create_base_documents": {
            "overall": 0.22791600227355957,
            "0_unroll": 0.02049088478088379,
            "1_select": 0.019048690795898438,
            "2_rename": 0.019501209259033203,
            "3_join": 0.023033618927001953,
            "4_aggregate_override": 0.020824670791625977,
            "5_join": 0.02387404441833496,
            "6_rename": 0.019875049591064453,
            "7_convert": 0.06206989288330078
        },
        "create_final_documents": {
            "overall": 0.05696439743041992,
            "0_rename": 0.02039480209350586
        }
    }
}