{
    "total_runtime": 52.98718285560608,
    "num_documents": 2,
    "input_load_time": 0,
    "workflows": {
        "create_base_text_units": {
            "overall": 0.1797168254852295,
            "0_orderby": 0.002004384994506836,
            "1_zip": 0.0023245811462402344,
            "2_aggregate_override": 0.003768444061279297,
            "3_chunk": 0.14313530921936035,
            "4_select": 0.002581357955932617,
            "5_unroll": 0.0034618377685546875,
            "6_rename": 0.002573728561401367,
            "7_genid": 0.002812623977661133,
            "8_unzip": 0.003168821334838867,
            "9_copy": 0.0029077529907226562,
            "10_filter": 0.009140491485595703
        },
        "create_base_extracted_entities": {
            "overall": 28.375547885894775,
            "0_entity_extract": 28.33855438232422,
            "1_snapshot": 0.009182453155517578,
            "2_merge_graphs": 0.014834165573120117,
            "3_snapshot_rows": 0.009537696838378906
        },
        "create_summarized_entities": {
            "overall": 1.329136848449707,
            "0_summarize_descriptions": 1.319349765777588,
            "1_snapshot_rows": 0.00562286376953125
        },
        "create_base_entity_graph": {
            "overall": 0.07745027542114258,
            "0_cluster_graph": 0.011821746826171875,
            "1_snapshot_rows": 0.0054852962493896484,
            "2_embed_graph": 0.04421210289001465,
            "3_snapshot_rows": 0.006034374237060547,
            "4_select": 0.005415439605712891
        },
        "create_final_entities": {
            "overall": 0.6415376663208008,
            "0_unpack_graph": 0.00711822509765625,
            "1_rename": 0.005702972412109375,
            "2_select": 0.0058939456939697266,
            "3_dedupe": 0.006080150604248047,
            "4_rename": 0.005964756011962891,
            "5_filter": 0.01463174819946289,
            "6_text_split": 0.006847858428955078,
            "7_drop": 0.006600856781005859,
            "8_merge": 0.010356903076171875,
            "9_text_embed": 0.5240440368652344,
            "10_drop": 0.012997150421142578,
            "11_filter": 0.02950286865234375
        },
        "create_final_nodes": {
            "overall": 4.763150691986084,
            "0_layout_graph": 4.628035545349121,
            "1_unpack_graph": 0.009862661361694336,
            "2_unpack_graph": 0.009251594543457031,
            "3_filter": 0.018253803253173828,
            "4_drop": 0.00818181037902832,
            "5_select": 0.008390188217163086,
            "6_snapshot": 0.009301424026489258,
            "7_rename": 0.008636236190795898,
            "8_join": 0.012354373931884766,
            "9_convert": 0.028164148330688477,
            "10_rename": 0.008994579315185547
        },
        "create_final_communities": {
            "overall": 0.1935431957244873,
            "0_unpack_graph": 0.010509490966796875,
            "1_unpack_graph": 0.010616540908813477,
            "2_aggregate_override": 0.01098942756652832,
            "3_join": 0.013085126876831055,
            "4_join": 0.013018369674682617,
            "5_concat": 0.010016679763793945,
            "6_filter": 0.023004770278930664,
            "7_aggregate_override": 0.01188516616821289,
            "8_join": 0.013292074203491211,
            "9_filter": 0.02369856834411621,
            "10_fill": 0.010683298110961914,
            "11_merge": 0.011470556259155273,
            "12_copy": 0.01098775863647461,
            "13_select": 0.011073589324951172
        },
        "join_text_units_to_entity_ids": {
            "overall": 0.0482330322265625,
            "0_select": 0.011360883712768555,
            "1_unroll": 0.012379884719848633,
            "2_aggregate_override": 0.013125419616699219
        },
        "create_final_relationships": {
            "overall": 0.15951085090637207,
            "0_unpack_graph": 0.013598203659057617,
            "1_filter": 0.02683091163635254,
            "2_rename": 0.012441396713256836,
            "3_filter": 0.027143478393554688,
            "4_drop": 0.012717008590698242,
            "5_compute_edge_combined_degree": 0.014961004257202148,
            "6_convert": 0.026220083236694336,
            "7_convert": 0.013268232345581055
        },
        "join_text_units_to_relationship_ids": {
            "overall": 0.07002401351928711,
            "0_select": 0.013410568237304688,
            "1_unroll": 0.014504432678222656,
            "2_aggregate_override": 0.014833688735961914,
            "3_select": 0.013961553573608398
        },
        "create_final_community_reports": {
            "overall": 14.108496904373169,
            "0_prepare_community_reports_nodes": 0.014980792999267578,
            "1_prepare_community_reports_edges": 0.01509714126586914,
            "2_restore_community_hierarchy": 0.016530513763427734,
            "3_prepare_community_reports": 0.027992963790893555,
            "4_create_community_reports": 14.003998041152954,
            "5_window": 0.01566624641418457
        },
        "create_final_text_units": {
            "overall": 0.11647152900695801,
            "0_select": 0.015321493148803711,
            "1_rename": 0.01543426513671875,
            "2_join": 0.018592119216918945,
            "3_join": 0.018579483032226562,
            "4_aggregate_override": 0.01729297637939453,
            "5_select": 0.01607036590576172
        },
        "create_base_documents": {
            "overall": 0.216552734375,
            "0_unroll": 0.01715683937072754,
            "1_select": 0.016584157943725586,
            "2_rename": 0.016687393188476562,
            "3_join": 0.019353628158569336,
            "4_aggregate_override": 0.017932891845703125,
            "5_join": 0.025028705596923828,
            "6_rename": 0.034821510314941406,
            "7_convert": 0.05274486541748047
        },
        "create_final_documents": {
            "overall": 0.03769230842590332,
            "0_rename": 0.017995834350585938
        }
    }
}