{
    "total_runtime": 29.170701026916504,
    "num_documents": 3,
    "input_load_time": 0,
    "workflows": {
        "create_base_text_units": {
            "overall": 0.10689926147460938,
            "0_orderby": 0.0011739730834960938,
            "1_zip": 0.0012056827545166016,
            "2_aggregate_override": 0.0019147396087646484,
            "3_chunk": 0.08433771133422852,
            "4_select": 0.0017299652099609375,
            "5_unroll": 0.001802682876586914,
            "6_rename": 0.0014750957489013672,
            "7_genid": 0.0017969608306884766,
            "8_unzip": 0.002167940139770508,
            "9_copy": 0.0017349720001220703,
            "10_filter": 0.006575822830200195
        },
        "create_base_extracted_entities": {
            "overall": 11.581669092178345,
            "0_entity_extract": 11.557225942611694,
            "1_snapshot": 0.008057117462158203,
            "2_merge_graphs": 0.00892186164855957,
            "3_snapshot_rows": 0.004783153533935547
        },
        "create_summarized_entities": {
            "overall": 1.571859359741211,
            "0_summarize_descriptions": 1.5635547637939453,
            "1_snapshot_rows": 0.0056819915771484375
        },
        "create_base_entity_graph": {
            "overall": 0.03883194923400879,
            "0_cluster_graph": 0.008569955825805664,
            "1_snapshot_rows": 0.0040988922119140625,
            "2_embed_graph": 0.01604318618774414,
            "3_snapshot_rows": 0.0037412643432617188,
            "4_select": 0.0033838748931884766
        },
        "create_final_entities": {
            "overall": 0.5769541263580322,
            "0_unpack_graph": 0.00440216064453125,
            "1_rename": 0.0036978721618652344,
            "2_select": 0.004242897033691406,
            "3_dedupe": 0.0038971900939941406,
            "4_rename": 0.003656148910522461,
            "5_filter": 0.009751081466674805,
            "6_text_split": 0.004423856735229492,
            "7_drop": 0.004168033599853516,
            "8_merge": 0.0059299468994140625,
            "9_text_embed": 0.5078089237213135,
            "10_drop": 0.006999015808105469,
            "11_filter": 0.014421939849853516
        },
        "create_final_nodes": {
            "overall": 1.9529449939727783,
            "0_layout_graph": 1.867704153060913,
            "1_unpack_graph": 0.006308794021606445,
            "2_unpack_graph": 0.006038188934326172,
            "3_drop": 0.0056722164154052734,
            "4_filter": 0.012382268905639648,
            "5_select": 0.0054569244384765625,
            "6_snapshot": 0.005860805511474609,
            "7_rename": 0.005857944488525391,
            "8_join": 0.007994890213012695,
            "9_convert": 0.01872086524963379,
            "10_rename": 0.006181001663208008
        },
        "create_final_communities": {
            "overall": 0.13249802589416504,
            "0_unpack_graph": 0.007312774658203125,
            "1_unpack_graph": 0.007436037063598633,
            "2_aggregate_override": 0.007285118103027344,
            "3_join": 0.008577108383178711,
            "4_join": 0.008296012878417969,
            "5_concat": 0.006773948669433594,
            "6_filter": 0.015024900436401367,
            "7_aggregate_override": 0.007679939270019531,
            "8_join": 0.00922703742980957,
            "9_filter": 0.016319990158081055,
            "10_fill": 0.008697986602783203,
            "11_merge": 0.008339405059814453,
            "12_copy": 0.007314920425415039,
            "13_select": 0.008219003677368164
        },
        "join_text_units_to_entity_ids": {
            "overall": 0.034989118576049805,
            "0_select": 0.008240938186645508,
            "1_unroll": 0.009375810623168945,
            "2_aggregate_override": 0.009020090103149414
        },
        "create_final_relationships": {
            "overall": 0.10729122161865234,
            "0_unpack_graph": 0.009210824966430664,
            "1_filter": 0.017786264419555664,
            "2_rename": 0.008567094802856445,
            "3_filter": 0.018289804458618164,
            "4_drop": 0.008717060089111328,
            "5_compute_edge_combined_degree": 0.01063394546508789,
            "6_convert": 0.017607927322387695,
            "7_convert": 0.008702993392944336
        },
        "join_text_units_to_relationship_ids": {
            "overall": 0.046356916427612305,
            "0_select": 0.00884389877319336,
            "1_unroll": 0.009657144546508789,
            "2_aggregate_override": 0.009655952453613281,
            "3_select": 0.009424209594726562
        },
        "create_final_community_reports": {
            "overall": 11.31839108467102,
            "0_prepare_community_reports_nodes": 0.010000228881835938,
            "1_prepare_community_reports_edges": 0.009987831115722656,
            "2_restore_community_hierarchy": 0.010979175567626953,
            "3_prepare_community_reports": 0.04474806785583496,
            "4_create_community_reports": 11.217359781265259,
            "5_window": 0.016134023666381836
        },
        "create_final_text_units": {
            "overall": 0.08430099487304688,
            "0_select": 0.010317087173461914,
            "1_rename": 0.010532140731811523,
            "2_join": 0.012654781341552734,
            "3_join": 0.013969898223876953,
            "4_aggregate_override": 0.013538837432861328,
            "5_select": 0.013249874114990234
        },
        "create_base_documents": {
            "overall": 0.1314849853515625,
            "0_unroll": 0.011699914932250977,
            "1_select": 0.010917901992797852,
            "2_rename": 0.011082172393798828,
            "3_join": 0.013332128524780273,
            "4_aggregate_override": 0.01161503791809082,
            "5_join": 0.013633012771606445,
            "6_rename": 0.011972188949584961,
            "7_convert": 0.03671002388000488
        },
        "create_final_documents": {
            "overall": 0.0259552001953125,
            "0_rename": 0.013345003128051758
        }
    }
}