{
    "total_runtime": 38.33866810798645,
    "num_documents": 2,
    "input_load_time": 0,
    "workflows": {
        "create_base_text_units": {
            "overall": 0.17171144485473633,
            "0_orderby": 0.0019137859344482422,
            "1_zip": 0.0022368431091308594,
            "2_aggregate_override": 0.0036458969116210938,
            "3_chunk": 0.1349320411682129,
            "4_select": 0.0027971267700195312,
            "5_unroll": 0.0035016536712646484,
            "6_rename": 0.002571582794189453,
            "7_genid": 0.002878904342651367,
            "8_unzip": 0.0032982826232910156,
            "9_copy": 0.0028069019317626953,
            "10_filter": 0.009249687194824219
        },
        "create_base_extracted_entities": {
            "overall": 19.909119367599487,
            "0_entity_extract": 19.875195503234863,
            "1_snapshot": 0.008458137512207031,
            "2_merge_graphs": 0.012871026992797852,
            "3_snapshot_rows": 0.009155511856079102
        },
        "create_summarized_entities": {
            "overall": 0.03203749656677246,
            "0_summarize_descriptions": 0.014798879623413086,
            "1_snapshot_rows": 0.009917736053466797
        },
        "create_base_entity_graph": {
            "overall": 0.09265708923339844,
            "0_cluster_graph": 0.012487649917602539,
            "1_snapshot_rows": 0.006225109100341797,
            "2_embed_graph": 0.05631732940673828,
            "3_snapshot_rows": 0.006869077682495117,
            "4_select": 0.0057353973388671875
        },
        "create_final_entities": {
            "overall": 0.4887702465057373,
            "0_unpack_graph": 0.006777763366699219,
            "1_rename": 0.005747556686401367,
            "2_select": 0.005807638168334961,
            "3_dedupe": 0.006166696548461914,
            "4_rename": 0.0060710906982421875,
            "5_filter": 0.014678239822387695,
            "6_text_split": 0.006759166717529297,
            "7_drop": 0.00665283203125,
            "8_merge": 0.009322643280029297,
            "9_text_embed": 0.39164233207702637,
            "10_drop": 0.0070912837982177734,
            "11_filter": 0.01638960838317871
        },
        "create_final_nodes": {
            "overall": 3.792816400527954,
            "0_layout_graph": 3.6648874282836914,
            "1_unpack_graph": 0.009019613265991211,
            "2_unpack_graph": 0.00931239128112793,
            "3_filter": 0.018213987350463867,
            "4_drop": 0.008059978485107422,
            "5_select": 0.008337259292602539,
            "6_snapshot": 0.009259700775146484,
            "7_rename": 0.008598566055297852,
            "8_join": 0.012317895889282227,
            "9_convert": 0.027725934982299805,
            "10_rename": 0.008915901184082031
        },
        "create_final_communities": {
            "overall": 0.1927628517150879,
            "0_unpack_graph": 0.010157108306884766,
            "1_unpack_graph": 0.010255575180053711,
            "2_aggregate_override": 0.010812520980834961,
            "3_join": 0.013111114501953125,
            "4_join": 0.013088703155517578,
            "5_concat": 0.009965896606445312,
            "6_filter": 0.0227963924407959,
            "7_aggregate_override": 0.011927366256713867,
            "8_join": 0.013314008712768555,
            "9_filter": 0.023620128631591797,
            "10_fill": 0.010675907135009766,
            "11_merge": 0.011516571044921875,
            "12_copy": 0.01119089126586914,
            "13_select": 0.011161088943481445
        },
        "join_text_units_to_entity_ids": {
            "overall": 0.04789090156555176,
            "0_select": 0.01137399673461914,
            "1_unroll": 0.012356758117675781,
            "2_aggregate_override": 0.012868881225585938
        },
        "create_final_relationships": {
            "overall": 0.15669918060302734,
            "0_unpack_graph": 0.013147830963134766,
            "1_filter": 0.026343584060668945,
            "2_rename": 0.012195348739624023,
            "3_filter": 0.026840925216674805,
            "4_drop": 0.012606143951416016,
            "5_compute_edge_combined_degree": 0.014855384826660156,
            "6_convert": 0.02592635154724121,
            "7_convert": 0.012907981872558594
        },
        "join_text_units_to_relationship_ids": {
            "overall": 0.0697469711303711,
            "0_select": 0.01336359977722168,
            "1_unroll": 0.014305353164672852,
            "2_aggregate_override": 0.01493215560913086,
            "3_select": 0.013862371444702148
        },
        "create_final_community_reports": {
            "overall": 10.222830533981323,
            "0_prepare_community_reports_nodes": 0.014784574508666992,
            "1_prepare_community_reports_edges": 0.014820337295532227,
            "2_restore_community_hierarchy": 0.01640772819519043,
            "3_prepare_community_reports": 0.029212474822998047,
            "4_create_community_reports": 10.117632150650024,
            "5_window": 0.015730857849121094
        },
        "create_final_text_units": {
            "overall": 0.11766266822814941,
            "0_select": 0.015134811401367188,
            "1_rename": 0.015245437622070312,
            "2_join": 0.018441438674926758,
            "3_join": 0.018489360809326172,
            "4_aggregate_override": 0.017284870147705078,
            "5_select": 0.017848968505859375
        },
        "create_base_documents": {
            "overall": 0.19412994384765625,
            "0_unroll": 0.01728963851928711,
            "1_select": 0.01666116714477539,
            "2_rename": 0.016736268997192383,
            "3_join": 0.019440650939941406,
            "4_aggregate_override": 0.017984628677368164,
            "5_join": 0.01977992057800293,
            "6_rename": 0.017353057861328125,
            "7_convert": 0.0528254508972168
        },
        "create_final_documents": {
            "overall": 0.035286664962768555,
            "0_rename": 0.01777362823486328
        }
    }
}