{"id":"b45241d70f0e43fca764df95b2b81f77","x":0.085384734,"y":4.7768950462}
{"id":"4119fd06010c494caa07f439b333f4c5","x":4.4015412331,"y":-1.6906756163}
{"id":"d3835bf3dda84ead99deadbeac5d0d7d","x":2.7414650917,"y":0.8220704198}
{"id":"077d2820ae1845bcbb1803379a3d1eae","x":-0.7002030611,"y":0.709553957}
{"id":"3671ea0dd4e84c1a9b02c5ab2c8f4bac","x":5.0895609856,"y":-2.3457057476}
{"id":"19a7f254a5d64566ab5cc15472df02de","x":3.9933998585,"y":-0.2131519616}
{"id":"e7ffaee9d31d4d3c96e04f911d0a8f9e","x":-0.971118331,"y":1.6533731222}
{"id":"f7e11b0e297a44a896dc67928368f600","x":1.0228924751,"y":0.3833638132}
{"id":"1fd3fa8bb5a2408790042ab9573779ee","x":1.6610424519,"y":-0.0625325218}
{"id":"27f9fbe6ad8c4a8b9acee0d3596ed57c","x":5.3751764297,"y":-1.2893623114}
{"id":"e1fd0e904a53409aada44442f23a51cb","x":2.8993999958,"y":-0.2280686051}
{"id":"de988724cfdf45cebfba3b13c43ceede","x":-0.5424813032,"y":2.8059501648}
{"id":"96aad7cb4b7d40e9b7e13b94a67af206","x":-0.3222762644,"y":3.8287699223}
{"id":"c9632a35146940c2a86167c7726d35e9","x":-0.8187474012,"y":4.6842265129}
{"id":"9646481f66ce4fd2b08c2eddda42fc82","x":-1.5366300344,"y":3.2329285145}
{"id":"d91a266f766b4737a06b0fda588ba40b","x":-2.0396800041,"y":2.0426723957}
{"id":"bc0e3f075a4c4ebbb7c7b152b65a5625","x":4.8861422539,"y":0.0703704432}
{"id":"254770028d7a4fa9877da4ba0ad5ad21","x":-1.8888155222,"y":0.9449653625}
{"id":"4a67211867e5464ba45126315a122a8a","x":1.1331605911,"y":1.4807555676}
{"id":"04dbbb2283b845baaeac0eaf0c34c9da","x":3.7880778313,"y":1.1783099174}
{"id":"1943f245ee4243bdbfbd2fd619ae824a","x":2.5140910149,"y":1.8514271975}
