{
    "total_runtime": 93.69734501838684,
    "num_documents": 3,
    "input_load_time": 0,
    "workflows": {
        "create_base_text_units": {
            "overall": 0.190140962600708,
            "0_orderby": 0.0021386146545410156,
            "1_zip": 0.002105236053466797,
            "2_aggregate_override": 0.0035653114318847656,
            "3_chunk": 0.15588808059692383,
            "4_select": 0.0023941993713378906,
            "5_unroll": 0.0031843185424804688,
            "6_rename": 0.002215862274169922,
            "7_genid": 0.0034706592559814453,
            "8_unzip": 0.0028226375579833984,
            "9_copy": 0.002429962158203125,
            "10_filter": 0.00807332992553711
        },
        "create_base_extracted_entities": {
            "overall": 43.2303352355957,
            "0_entity_extract": 43.163142919540405,
            "1_snapshot": 0.018505573272705078,
            "2_merge_graphs": 0.04023861885070801,
            "3_snapshot_rows": 0.0053369998931884766
        },
        "create_summarized_entities": {
            "overall": 7.001875400543213,
            "0_summarize_descriptions": 6.9891932010650635,
            "1_snapshot_rows": 0.009006023406982422
        },
        "create_base_entity_graph": {
            "overall": 0.8696706295013428,
            "0_cluster_graph": 0.06540465354919434,
            "1_snapshot_rows": 0.008020639419555664,
            "2_embed_graph": 0.7672817707061768,
            "3_snapshot_rows": 0.013741254806518555,
            "4_select": 0.011169195175170898
        },
        "create_final_entities": {
            "overall": 0.993297815322876,
            "0_unpack_graph": 0.02684330940246582,
            "1_rename": 0.005110740661621094,
            "2_select": 0.005059003829956055,
            "3_dedupe": 0.005337953567504883,
            "4_rename": 0.005155324935913086,
            "5_filter": 0.014219045639038086,
            "6_text_split": 0.008267641067504883,
            "7_drop": 0.0057065486907958984,
            "8_merge": 0.03495168685913086,
            "9_text_embed": 0.8543965816497803,
            "10_drop": 0.006756782531738281,
            "11_filter": 0.016243457794189453
        },
        "create_final_nodes": {
            "overall": 7.650990009307861,
            "0_layout_graph": 7.2268760204315186,
            "1_unpack_graph": 0.029024124145507812,
            "2_unpack_graph": 0.29483652114868164,
            "3_filter": 0.020717144012451172,
            "4_drop": 0.0071256160736083984,
            "5_select": 0.006928443908691406,
            "6_snapshot": 0.00831747055053711,
            "7_rename": 0.007178306579589844,
            "8_convert": 0.02348804473876953,
            "9_join": 0.011900663375854492,
            "10_rename": 0.0078012943267822266
        },
        "create_final_communities": {
            "overall": 0.23414921760559082,
            "0_unpack_graph": 0.03033757209777832,
            "1_unpack_graph": 0.028284788131713867,
            "2_aggregate_override": 0.010014057159423828,
            "3_join": 0.01242375373840332,
            "4_join": 0.012228250503540039,
            "5_concat": 0.008643865585327148,
            "6_filter": 0.03836631774902344,
            "7_aggregate_override": 0.01195979118347168,
            "8_join": 0.011870145797729492,
            "9_filter": 0.020600080490112305,
            "10_fill": 0.009067535400390625,
            "11_merge": 0.012714385986328125,
            "12_copy": 0.009372472763061523,
            "13_select": 0.009414911270141602
        },
        "join_text_units_to_entity_ids": {
            "overall": 0.042062997817993164,
            "0_select": 0.009838342666625977,
            "1_unroll": 0.010844945907592773,
            "2_aggregate_override": 0.011445283889770508
        },
        "create_final_relationships": {
            "overall": 0.19934320449829102,
            "0_unpack_graph": 0.03263115882873535,
            "1_filter": 0.02706599235534668,
            "2_rename": 0.010894536972045898,
            "3_filter": 0.03627443313598633,
            "4_drop": 0.02810192108154297,
            "5_compute_edge_combined_degree": 0.013396024703979492,
            "6_convert": 0.022442340850830078,
            "7_convert": 0.011141538619995117
        },
        "join_text_units_to_relationship_ids": {
            "overall": 0.060607194900512695,
            "0_select": 0.011435270309448242,
            "1_unroll": 0.012513875961303711,
            "2_aggregate_override": 0.013213634490966797,
            "3_select": 0.011765241622924805
        },
        "create_final_community_reports": {
            "overall": 29.05045223236084,
            "0_prepare_community_reports_nodes": 0.0176236629486084,
            "1_prepare_community_reports_edges": 0.015007257461547852,
            "2_restore_community_hierarchy": 0.015420198440551758,
            "3_prepare_community_reports": 0.09628629684448242,
            "4_create_community_reports": 28.873955965042114,
            "5_window": 0.019477128982543945
        },
        "create_final_text_units": {
            "overall": 0.09979653358459473,
            "0_select": 0.013055562973022461,
            "1_rename": 0.012974739074707031,
            "2_join": 0.01600480079650879,
            "3_join": 0.015981197357177734,
            "4_aggregate_override": 0.014770030975341797,
            "5_select": 0.01367807388305664
        },
        "create_base_documents": {
            "overall": 0.16602706909179688,
            "0_unroll": 0.01484990119934082,
            "1_select": 0.014061689376831055,
            "2_rename": 0.014461517333984375,
            "3_join": 0.01701831817626953,
            "4_aggregate_override": 0.01531672477722168,
            "5_join": 0.01717829704284668,
            "6_rename": 0.014649629592895508,
            "7_convert": 0.04430508613586426
        },
        "create_final_documents": {
            "overall": 0.030073881149291992,
            "0_rename": 0.01491093635559082
        }
    }
}