{
    "total_runtime": 0.4317617416381836,
    "num_documents": 30,
    "input_load_time": 0,
    "workflows": {
        "create_base_text_units": {
            "overall": 0.19994497299194336,
            "0_orderby": 0.002163410186767578,
            "1_zip": 0.002202272415161133,
            "2_aggregate_override": 0.0038788318634033203,
            "3_chunk": 0.16520047187805176,
            "4_select": 0.0024161338806152344,
            "5_unroll": 0.0031304359436035156,
            "6_rename": 0.0021581649780273438,
            "7_genid": 0.0038030147552490234,
            "8_unzip": 0.0027217864990234375,
            "9_copy": 0.002346038818359375,
            "10_filter": 0.007960796356201172
        }
    }
}