{
    "total_runtime": 12.310420036315918,
    "num_documents": 2,
    "input_load_time": 0,
    "workflows": {
        "create_base_text_units": {
            "overall": 0.11589503288269043,
            "0_orderby": 0.0029370784759521484,
            "1_zip": 0.0013163089752197266,
            "2_aggregate_override": 0.002765178680419922,
            "3_chunk": 0.08624815940856934,
            "4_select": 0.0023276805877685547,
            "5_unroll": 0.0038750171661376953,
            "6_rename": 0.0016260147094726562,
            "7_genid": 0.0017588138580322266,
            "8_unzip": 0.0018360614776611328,
            "9_copy": 0.0018641948699951172,
            "10_filter": 0.00805211067199707
        },
        "create_base_extracted_entities": {
            "overall": 0.02814793586730957,
            "0_entity_extract": 0.014888286590576172,
            "1_snapshot": 0.0029489994049072266,
            "2_merge_graphs": 0.004959821701049805,
            "3_snapshot_rows": 0.0031218528747558594
        },
        "create_summarized_entities": {
            "overall": 0.012782812118530273,
            "0_summarize_descriptions": 0.007096052169799805,
            "1_snapshot_rows": 0.003185749053955078
        },
        "create_base_entity_graph": {
            "overall": 0.03830718994140625,
            "0_cluster_graph": 0.0075609683990478516,
            "1_snapshot_rows": 0.0036110877990722656,
            "2_embed_graph": 0.01645517349243164,
            "3_snapshot_rows": 0.004199028015136719,
            "4_select": 0.00345611572265625
        },
        "create_final_entities": {
            "overall": 0.7594099044799805,
            "0_unpack_graph": 0.0041961669921875,
            "1_rename": 0.003759145736694336,
            "2_select": 0.003790140151977539,
            "3_dedupe": 0.004890918731689453,
            "4_rename": 0.0038988590240478516,
            "5_filter": 0.00970315933227539,
            "6_text_split": 0.004194021224975586,
            "7_drop": 0.004126071929931641,
            "8_merge": 0.006103038787841797,
            "9_text_embed": 0.6895899772644043,
            "10_drop": 0.007129192352294922,
            "11_filter": 0.014545917510986328
        },
        "create_final_nodes": {
            "overall": 2.4972548484802246,
            "0_layout_graph": 2.4040279388427734,
            "1_unpack_graph": 0.0062258243560791016,
            "2_unpack_graph": 0.006649971008300781,
            "3_filter": 0.013346195220947266,
            "4_drop": 0.005881786346435547,
            "5_select": 0.006082057952880859,
            "6_snapshot": 0.006203174591064453,
            "7_rename": 0.00603175163269043,
            "8_convert": 0.02140188217163086,
            "9_join": 0.009649276733398438,
            "10_rename": 0.006966114044189453
        },
        "create_final_communities": {
            "overall": 0.202484130859375,
            "0_unpack_graph": 0.007642030715942383,
            "1_unpack_graph": 0.008107185363769531,
            "2_aggregate_override": 0.010785818099975586,
            "3_join": 0.011553049087524414,
            "4_join": 0.011018991470336914,
            "5_concat": 0.036147117614746094,
            "6_filter": 0.020676851272583008,
            "7_aggregate_override": 0.013823986053466797,
            "8_join": 0.014216899871826172,
            "9_filter": 0.020598173141479492,
            "10_fill": 0.011394023895263672,
            "11_merge": 0.009836196899414062,
            "12_copy": 0.010393142700195312,
            "13_select": 0.009901046752929688
        },
        "join_text_units_to_entity_ids": {
            "overall": 0.03389716148376465,
            "0_select": 0.007946252822875977,
            "1_unroll": 0.008985757827758789,
            "2_aggregate_override": 0.009241819381713867
        },
        "create_final_relationships": {
            "overall": 0.11065316200256348,
            "0_unpack_graph": 0.00926518440246582,
            "1_filter": 0.018336057662963867,
            "2_rename": 0.008410215377807617,
            "3_filter": 0.01891803741455078,
            "4_drop": 0.009163141250610352,
            "5_compute_edge_combined_degree": 0.010545015335083008,
            "6_convert": 0.019017934799194336,
            "7_convert": 0.00896310806274414
        },
        "join_text_units_to_relationship_ids": {
            "overall": 0.04790496826171875,
            "0_select": 0.009299039840698242,
            "1_unroll": 0.009647846221923828,
            "2_aggregate_override": 0.010286808013916016,
            "3_select": 0.009816884994506836
        },
        "create_final_community_reports": {
            "overall": 6.822800874710083,
            "0_prepare_community_reports_nodes": 0.011003971099853516,
            "1_prepare_community_reports_edges": 0.010256767272949219,
            "2_restore_community_hierarchy": 0.01174306869506836,
            "3_prepare_community_reports": 0.019747257232666016,
            "4_create_community_reports": 6.743349075317383,
            "5_window": 0.01708078384399414
        },
        "create_final_text_units": {
            "overall": 0.07825589179992676,
            "0_select": 0.010567188262939453,
            "1_rename": 0.010150909423828125,
            "2_join": 0.01280522346496582,
            "3_join": 0.012423992156982422,
            "4_aggregate_override": 0.012035846710205078,
            "5_select": 0.01060795783996582
        },
        "create_base_documents": {
            "overall": 0.13554596900939941,
            "0_unroll": 0.011316061019897461,
            "1_select": 0.011327028274536133,
            "2_rename": 0.011407852172851562,
            "3_join": 0.013249874114990234,
            "4_aggregate_override": 0.011769294738769531,
            "5_join": 0.015820026397705078,
            "6_rename": 0.013469934463500977,
            "7_convert": 0.036623239517211914
        },
        "create_final_documents": {
            "overall": 0.023236989974975586,
            "0_rename": 0.011947154998779297
        }
    }
}