{
    "total_runtime": 99.66315579414368,
    "num_documents": 30,
    "input_load_time": 0,
    "workflows": {
        "create_base_text_units": {
            "overall": 0.1944115161895752,
            "0_orderby": 0.0020592212677001953,
            "1_zip": 0.002031564712524414,
            "2_aggregate_override": 0.0035965442657470703,
            "3_chunk": 0.15503525733947754,
            "4_select": 0.0023813247680664062,
            "5_unroll": 0.0031752586364746094,
            "6_rename": 0.002157926559448242,
            "7_genid": 0.0077533721923828125,
            "8_unzip": 0.0029897689819335938,
            "9_copy": 0.002391815185546875,
            "10_filter": 0.009033918380737305
        },
        "create_base_extracted_entities": {
            "overall": 46.9802029132843,
            "0_entity_extract": 46.91374063491821,
            "1_snapshot": 0.01787543296813965,
            "2_merge_graphs": 0.04096555709838867,
            "3_snapshot_rows": 0.004591226577758789
        },
        "create_summarized_entities": {
            "overall": 5.699907064437866,
            "0_summarize_descriptions": 5.6872124671936035,
            "1_snapshot_rows": 0.009058952331542969
        },
        "create_base_entity_graph": {
            "overall": 1.0873737335205078,
            "0_cluster_graph": 0.08509302139282227,
            "1_snapshot_rows": 0.009479045867919922,
            "2_embed_graph": 0.963618278503418,
            "3_snapshot_rows": 0.014150381088256836,
            "4_select": 0.011018753051757812
        },
        "create_final_entities": {
            "overall": 1.3974509239196777,
            "0_unpack_graph": 0.03525876998901367,
            "1_rename": 0.004997968673706055,
            "2_select": 0.010132551193237305,
            "3_dedupe": 0.010329008102416992,
            "4_rename": 0.00507354736328125,
            "5_filter": 0.014099359512329102,
            "6_text_split": 0.007854461669921875,
            "7_drop": 0.005566120147705078,
            "8_merge": 0.02976703643798828,
            "9_text_embed": 1.2395734786987305,
            "10_drop": 0.012778759002685547,
            "11_filter": 0.017015933990478516
        },
        "create_final_nodes": {
            "overall": 8.442930459976196,
            "0_layout_graph": 8.257214784622192,
            "1_unpack_graph": 0.03945136070251465,
            "2_unpack_graph": 0.044119834899902344,
            "3_filter": 0.0220181941986084,
            "4_drop": 0.007140398025512695,
            "5_select": 0.006949663162231445,
            "6_snapshot": 0.008231878280639648,
            "7_rename": 0.007180213928222656,
            "8_convert": 0.0236053466796875,
            "9_join": 0.012007713317871094,
            "10_rename": 0.007839441299438477
        },
        "create_final_communities": {
            "overall": 0.2830626964569092,
            "0_unpack_graph": 0.03971576690673828,
            "1_unpack_graph": 0.038399457931518555,
            "2_aggregate_override": 0.00992131233215332,
            "3_join": 0.013362646102905273,
            "4_join": 0.012967348098754883,
            "5_concat": 0.008684635162353516,
            "6_filter": 0.06701111793518066,
            "7_aggregate_override": 0.011973381042480469,
            "8_join": 0.011871576309204102,
            "9_filter": 0.02055835723876953,
            "10_fill": 0.009058237075805664,
            "11_merge": 0.011881828308105469,
            "12_copy": 0.009395360946655273,
            "13_select": 0.00952458381652832
        },
        "join_text_units_to_entity_ids": {
            "overall": 0.04260063171386719,
            "0_select": 0.009862184524536133,
            "1_unroll": 0.010828495025634766,
            "2_aggregate_override": 0.011744976043701172
        },
        "create_final_relationships": {
            "overall": 0.1997842788696289,
            "0_unpack_graph": 0.04913187026977539,
            "1_filter": 0.028662681579589844,
            "2_rename": 0.01077580451965332,
            "3_filter": 0.028264522552490234,
            "4_drop": 0.011070013046264648,
            "5_compute_edge_combined_degree": 0.013252019882202148,
            "6_convert": 0.02231597900390625,
            "7_convert": 0.011067628860473633
        },
        "join_text_units_to_relationship_ids": {
            "overall": 0.06074404716491699,
            "0_select": 0.011467218399047852,
            "1_unroll": 0.012373208999633789,
            "2_aggregate_override": 0.013387441635131836,
            "3_select": 0.011892080307006836
        },
        "create_final_community_reports": {
            "overall": 30.710349798202515,
            "0_prepare_community_reports_nodes": 0.01835489273071289,
            "1_prepare_community_reports_edges": 0.014998197555541992,
            "2_restore_community_hierarchy": 0.014945507049560547,
            "3_prepare_community_reports": 0.09346914291381836,
            "4_create_community_reports": 30.535679817199707,
            "5_window": 0.020339488983154297
        },
        "create_final_text_units": {
            "overall": 0.15729665756225586,
            "0_select": 0.013056755065917969,
            "1_rename": 0.017955541610717773,
            "2_join": 0.058713436126708984,
            "3_join": 0.025749683380126953,
            "4_aggregate_override": 0.014874696731567383,
            "5_select": 0.01351308822631836
        },
        "create_base_documents": {
            "overall": 0.18116140365600586,
            "0_unroll": 0.014658689498901367,
            "1_select": 0.014063596725463867,
            "2_rename": 0.014217376708984375,
            "3_join": 0.016909122467041016,
            "4_aggregate_override": 0.015487432479858398,
            "5_join": 0.017482519149780273,
            "6_rename": 0.014586210250854492,
            "7_convert": 0.059602975845336914
        },
        "create_final_documents": {
            "overall": 0.030394792556762695,
            "0_rename": 0.014984130859375
        }
    }
}