{
    "total_runtime": 34.486780405044556,
    "num_documents": 3,
    "input_load_time": 0,
    "workflows": {
        "create_base_text_units": {
            "overall": 0.17719745635986328,
            "0_orderby": 0.0021791458129882812,
            "1_zip": 0.0023584365844726562,
            "2_aggregate_override": 0.003847837448120117,
            "3_chunk": 0.14001893997192383,
            "4_select": 0.002538919448852539,
            "5_unroll": 0.003417491912841797,
            "6_rename": 0.0027031898498535156,
            "7_genid": 0.0028314590454101562,
            "8_unzip": 0.0031404495239257812,
            "9_copy": 0.0028476715087890625,
            "10_filter": 0.009231328964233398
        },
        "create_base_extracted_entities": {
            "overall": 7.183144569396973,
            "0_entity_extract": 7.147325038909912,
            "1_snapshot": 0.008997917175292969,
            "2_merge_graphs": 0.013718128204345703,
            "3_snapshot_rows": 0.009079933166503906
        },
        "create_summarized_entities": {
            "overall": 2.654177188873291,
            "0_summarize_descriptions": 2.6367955207824707,
            "1_snapshot_rows": 0.009927034378051758
        },
        "create_base_entity_graph": {
            "overall": 0.1433413028717041,
            "0_cluster_graph": 0.022053956985473633,
            "1_snapshot_rows": 0.012574195861816406,
            "2_embed_graph": 0.0786435604095459,
            "3_snapshot_rows": 0.011349916458129883,
            "4_select": 0.010138750076293945
        },
        "create_final_entities": {
            "overall": 0.6519222259521484,
            "0_unpack_graph": 0.013628482818603516,
            "1_rename": 0.01048588752746582,
            "2_select": 0.010899066925048828,
            "3_dedupe": 0.011404037475585938,
            "4_rename": 0.011090517044067383,
            "5_filter": 0.027315855026245117,
            "6_text_split": 0.01277303695678711,
            "7_drop": 0.012204408645629883,
            "8_merge": 0.019762516021728516,
            "9_text_embed": 0.4679727554321289,
            "10_drop": 0.013368368148803711,
            "11_filter": 0.030773162841796875
        },
        "create_final_nodes": {
            "overall": 4.2126851081848145,
            "0_layout_graph": 4.0773680210113525,
            "1_unpack_graph": 0.009963750839233398,
            "2_unpack_graph": 0.009453296661376953,
            "3_filter": 0.018275022506713867,
            "4_drop": 0.00810694694519043,
            "5_select": 0.008412361145019531,
            "6_snapshot": 0.009580373764038086,
            "7_rename": 0.008658885955810547,
            "8_convert": 0.027676105499267578,
            "9_join": 0.012608528137207031,
            "10_rename": 0.009036064147949219
        },
        "create_final_communities": {
            "overall": 0.19577693939208984,
            "0_unpack_graph": 0.010594367980957031,
            "1_unpack_graph": 0.010765790939331055,
            "2_aggregate_override": 0.011080503463745117,
            "3_join": 0.013460636138916016,
            "4_join": 0.013178348541259766,
            "5_concat": 0.010155439376831055,
            "6_filter": 0.023186445236206055,
            "7_aggregate_override": 0.012209177017211914,
            "8_join": 0.013460874557495117,
            "9_filter": 0.023811817169189453,
            "10_fill": 0.010850667953491211,
            "11_merge": 0.011530876159667969,
            "12_copy": 0.011131763458251953,
            "13_select": 0.01113438606262207
        },
        "join_text_units_to_entity_ids": {
            "overall": 0.048795461654663086,
            "0_select": 0.011626720428466797,
            "1_unroll": 0.012689352035522461,
            "2_aggregate_override": 0.013039112091064453
        },
        "create_final_relationships": {
            "overall": 0.18836259841918945,
            "0_unpack_graph": 0.013614416122436523,
            "1_filter": 0.026867389678955078,
            "2_rename": 0.012545585632324219,
            "3_filter": 0.02735304832458496,
            "4_drop": 0.012675762176513672,
            "5_compute_edge_combined_degree": 0.015005111694335938,
            "6_convert": 0.05335664749145508,
            "7_convert": 0.014731168746948242
        },
        "join_text_units_to_relationship_ids": {
            "overall": 0.0706024169921875,
            "0_select": 0.013708353042602539,
            "1_unroll": 0.014622211456298828,
            "2_aggregate_override": 0.014958620071411133,
            "3_select": 0.014056921005249023
        },
        "create_final_community_reports": {
            "overall": 15.569965362548828,
            "0_prepare_community_reports_nodes": 0.015070676803588867,
            "1_prepare_community_reports_edges": 0.015350103378295898,
            "2_restore_community_hierarchy": 0.01666998863220215,
            "3_prepare_community_reports": 0.02905726432800293,
            "4_create_community_reports": 15.451453924179077,
            "5_window": 0.028049230575561523
        },
        "create_final_text_units": {
            "overall": 0.11973857879638672,
            "0_select": 0.01568603515625,
            "1_rename": 0.015895843505859375,
            "2_join": 0.019318580627441406,
            "3_join": 0.01912069320678711,
            "4_aggregate_override": 0.01752018928527832,
            "5_select": 0.01645517349243164
        },
        "create_base_documents": {
            "overall": 0.19657659530639648,
            "0_unroll": 0.017514467239379883,
            "1_select": 0.017033100128173828,
            "2_rename": 0.017097949981689453,
            "3_join": 0.019747018814086914,
            "4_aggregate_override": 0.01804971694946289,
            "5_join": 0.020256757736206055,
            "6_rename": 0.01734185218811035,
            "7_convert": 0.053282737731933594
        },
        "create_final_documents": {
            "overall": 0.03588581085205078,
            "0_rename": 0.01788640022277832
        }
    }
}