{
    "total_runtime": 184.08102369308472,
    "num_documents": 40,
    "input_load_time": 0,
    "workflows": {
        "create_base_text_units": {
            "overall": 0.4274425506591797,
            "0_orderby": 0.006378889083862305,
            "1_zip": 0.0024709701538085938,
            "2_aggregate_override": 0.010722637176513672,
            "3_chunk": 0.3588836193084717,
            "4_select": 0.0033059120178222656,
            "5_unroll": 0.005239963531494141,
            "6_rename": 0.010825395584106445,
            "7_genid": 0.00511622428894043,
            "8_unzip": 0.0038726329803466797,
            "9_copy": 0.003098011016845703,
            "10_filter": 0.010393619537353516
        },
        "create_base_extracted_entities": {
            "overall": 80.34493613243103,
            "0_entity_extract": 80.2303774356842,
            "1_snapshot": 0.029671669006347656,
            "2_merge_graphs": 0.06778168678283691,
            "3_snapshot_rows": 0.0063703060150146484
        },
        "create_summarized_entities": {
            "overall": 18.13842225074768,
            "0_summarize_descriptions": 18.124597549438477,
            "1_snapshot_rows": 0.008599996566772461
        },
        "create_base_entity_graph": {
            "overall": 6.000881195068359,
            "0_cluster_graph": 0.295076847076416,
            "1_snapshot_rows": 0.017482280731201172,
            "2_embed_graph": 5.653126955032349,
            "3_snapshot_rows": 0.01628708839416504,
            "4_select": 0.01343226432800293
        },
        "create_final_entities": {
            "overall": 2.330970048904419,
            "0_unpack_graph": 0.11989188194274902,
            "1_rename": 0.008077144622802734,
            "2_select": 0.009035825729370117,
            "3_dedupe": 0.00838613510131836,
            "4_rename": 0.008599042892456055,
            "5_filter": 0.04649806022644043,
            "6_text_split": 0.029539108276367188,
            "7_drop": 0.01578497886657715,
            "8_merge": 0.08525967597961426,
            "9_text_embed": 1.9031734466552734,
            "10_drop": 0.022442340850830078,
            "11_filter": 0.06728434562683105
        },
        "create_final_nodes": {
            "overall": 14.815062284469604,
            "0_layout_graph": 13.951716661453247,
            "1_unpack_graph": 0.5287401676177979,
            "2_unpack_graph": 0.16920018196105957,
            "3_drop": 0.01011204719543457,
            "4_filter": 0.0381922721862793,
            "5_select": 0.009579896926879883,
            "6_snapshot": 0.014829874038696289,
            "7_rename": 0.019099950790405273,
            "8_convert": 0.036847591400146484,
            "9_join": 0.01712179183959961,
            "10_rename": 0.010680675506591797
        },
        "create_final_communities": {
            "overall": 0.811882734298706,
            "0_unpack_graph": 0.18836522102355957,
            "1_unpack_graph": 0.12974333763122559,
            "2_aggregate_override": 0.01578235626220703,
            "3_join": 0.023920536041259766,
            "4_join": 0.023356914520263672,
            "5_concat": 0.012915372848510742,
            "6_filter": 0.257098913192749,
            "7_aggregate_override": 0.021376609802246094,
            "8_join": 0.016339540481567383,
            "9_filter": 0.030756235122680664,
            "10_fill": 0.012860536575317383,
            "11_merge": 0.023784160614013672,
            "12_copy": 0.013262271881103516,
            "13_select": 0.013630390167236328
        },
        "join_text_units_to_entity_ids": {
            "overall": 0.07834005355834961,
            "0_select": 0.01732778549194336,
            "1_unroll": 0.01592230796813965,
            "2_aggregate_override": 0.01759934425354004
        },
        "create_final_relationships": {
            "overall": 0.4992489814758301,
            "0_unpack_graph": 0.2792167663574219,
            "1_filter": 0.04946112632751465,
            "2_rename": 0.015304327011108398,
            "3_filter": 0.04636693000793457,
            "4_drop": 0.015197515487670898,
            "5_compute_edge_combined_degree": 0.01933765411376953,
            "6_convert": 0.03041243553161621,
            "7_convert": 0.015585184097290039
        },
        "join_text_units_to_relationship_ids": {
            "overall": 0.12448835372924805,
            "0_select": 0.020028114318847656,
            "1_unroll": 0.018846988677978516,
            "2_aggregate_override": 0.028775930404663086,
            "3_select": 0.023611783981323242
        },
        "create_final_community_reports": {
            "overall": 52.67154359817505,
            "0_prepare_community_reports_nodes": 0.04398965835571289,
            "1_prepare_community_reports_edges": 0.021884679794311523,
            "2_restore_community_hierarchy": 0.023509740829467773,
            "3_prepare_community_reports": 0.3135855197906494,
            "4_create_community_reports": 52.2139790058136,
            "5_window": 0.01641702651977539
        },
        "create_final_text_units": {
            "overall": 0.24936199188232422,
            "0_select": 0.01937556266784668,
            "1_rename": 0.018931865692138672,
            "2_join": 0.045610904693603516,
            "3_join": 0.08013629913330078,
            "4_aggregate_override": 0.039171457290649414,
            "5_select": 0.017004966735839844
        },
        "create_base_documents": {
            "overall": 0.22054195404052734,
            "0_unroll": 0.020148277282714844,
            "1_select": 0.018932580947875977,
            "2_rename": 0.018972158432006836,
            "3_join": 0.022591590881347656,
            "4_aggregate_override": 0.020888566970825195,
            "5_join": 0.023058176040649414,
            "6_rename": 0.01933908462524414,
            "7_convert": 0.0584416389465332
        },
        "create_final_documents": {
            "overall": 0.10244965553283691,
            "0_rename": 0.08164548873901367
        }
    }
}