{
    "total_runtime": 1.2309472560882568,
    "num_documents": 2,
    "input_load_time": 0,
    "workflows": {
        "create_base_text_units": {
            "overall": 0.54909348487854,
            "0_orderby": 0.006730079650878906,
            "1_zip": 0.00719904899597168,
            "2_aggregate_override": 0.010687112808227539,
            "3_chunk": 0.42304468154907227,
            "4_select": 0.008246421813964844,
            "5_unroll": 0.010467529296875,
            "6_rename": 0.008884668350219727,
            "7_genid": 0.009861469268798828,
            "8_unzip": 0.010850667953491211,
            "9_copy": 0.010327339172363281,
            "10_filter": 0.03138113021850586
        },
        "create_base_extracted_entities": {
            "overall": 0.1313772201538086,
            "0_entity_extract": 0.05236411094665527,
            "1_snapshot": 0.01820063591003418,
            "2_merge_graphs": 0.02204132080078125,
            "3_snapshot_rows": 0.022748947143554688
        }
    }
}