{
    "total_runtime": 348.12713289260864,
    "num_documents": 280,
    "input_load_time": 0,
    "workflows": {
        "create_base_text_units": {
            "overall": 0.2837374210357666,
            "0_orderby": 0.0021398067474365234,
            "1_zip": 0.002084970474243164,
            "2_aggregate_override": 0.005331516265869141,
            "3_chunk": 0.24024558067321777,
            "4_select": 0.0023598670959472656,
            "5_unroll": 0.0031363964080810547,
            "6_rename": 0.002168893814086914,
            "7_genid": 0.009444236755371094,
            "8_unzip": 0.0028617382049560547,
            "9_copy": 0.0024542808532714844,
            "10_filter": 0.009595632553100586
        },
        "create_base_extracted_entities": {
            "overall": 135.7933030128479,
            "0_entity_extract": 135.2013454437256,
            "1_snapshot": 0.05791950225830078,
            "2_merge_graphs": 0.5229485034942627,
            "3_snapshot_rows": 0.007851600646972656
        },
        "create_summarized_entities": {
            "overall": 36.007784366607666,
            "0_summarize_descriptions": 35.99542188644409,
            "1_snapshot_rows": 0.007829427719116211
        },
        "create_base_entity_graph": {
            "overall": 14.426533222198486,
            "0_cluster_graph": 1.252943515777588,
            "1_snapshot_rows": 0.027959823608398438,
            "2_embed_graph": 13.106928825378418,
            "3_snapshot_rows": 0.02540445327758789,
            "4_select": 0.009102821350097656
        },
        "create_final_entities": {
            "overall": 3.6507749557495117,
            "0_unpack_graph": 0.7884435653686523,
            "1_rename": 0.005178213119506836,
            "2_select": 0.005354166030883789,
            "3_dedupe": 0.0057065486907958984,
            "4_rename": 0.005143880844116211,
            "5_filter": 0.019232511520385742,
            "6_text_split": 0.014764547348022461,
            "7_drop": 0.005785226821899414,
            "8_merge": 0.10676264762878418,
            "9_text_embed": 2.649477481842041,
            "10_drop": 0.012440919876098633,
            "11_filter": 0.020728349685668945
        },
        "create_final_nodes": {
            "overall": 19.15054154396057,
            "0_layout_graph": 17.195048332214355,
            "1_unpack_graph": 0.8849358558654785,
            "2_unpack_graph": 0.9292733669281006,
            "3_drop": 0.008071422576904297,
            "4_filter": 0.05049920082092285,
            "5_select": 0.007237911224365234,
            "6_snapshot": 0.009083747863769531,
            "7_rename": 0.0071451663970947266,
            "8_join": 0.014361858367919922,
            "9_convert": 0.023775100708007812,
            "10_rename": 0.008342504501342773
        },
        "create_final_communities": {
            "overall": 2.883794069290161,
            "0_unpack_graph": 0.6012794971466064,
            "1_unpack_graph": 0.8735635280609131,
            "2_aggregate_override": 0.010828971862792969,
            "3_join": 0.04104161262512207,
            "4_join": 0.03830575942993164,
            "5_concat": 0.01243448257446289,
            "6_filter": 1.1406500339508057,
            "7_aggregate_override": 0.029543638229370117,
            "8_join": 0.012146711349487305,
            "9_filter": 0.02579665184020996,
            "10_fill": 0.009019136428833008,
            "11_merge": 0.02938055992126465,
            "12_copy": 0.009384870529174805,
            "13_select": 0.009412765502929688
        },
        "join_text_units_to_entity_ids": {
            "overall": 0.04790043830871582,
            "0_select": 0.009823083877563477,
            "1_unroll": 0.01143646240234375,
            "2_aggregate_override": 0.016564369201660156
        },
        "create_final_relationships": {
            "overall": 1.2187321186065674,
            "0_unpack_graph": 0.6650948524475098,
            "1_filter": 0.05816912651062012,
            "2_rename": 0.011363506317138672,
            "3_filter": 0.07654166221618652,
            "4_drop": 0.011400222778320312,
            "5_compute_edge_combined_degree": 0.014235973358154297,
            "6_convert": 0.022823333740234375,
            "7_convert": 0.33371520042419434
        },
        "join_text_units_to_relationship_ids": {
            "overall": 0.09630799293518066,
            "0_select": 0.011651754379272461,
            "1_unroll": 0.043174028396606445,
            "2_aggregate_override": 0.01786661148071289,
            "3_select": 0.011745452880859375
        },
        "create_final_community_reports": {
            "overall": 125.37211179733276,
            "0_prepare_community_reports_nodes": 0.0570375919342041,
            "1_prepare_community_reports_edges": 0.026912689208984375,
            "2_restore_community_hierarchy": 0.031485557556152344,
            "3_prepare_community_reports": 0.7727460861206055,
            "4_create_community_reports": 124.43290829658508,
            "5_window": 0.020226716995239258
        },
        "create_final_text_units": {
            "overall": 0.10200881958007812,
            "0_select": 0.013124704360961914,
            "1_rename": 0.01322031021118164,
            "2_join": 0.016579627990722656,
            "3_join": 0.0164492130279541,
            "4_aggregate_override": 0.015392065048217773,
            "5_select": 0.013739585876464844
        },
        "create_base_documents": {
            "overall": 0.2142486572265625,
            "0_unroll": 0.01555633544921875,
            "1_select": 0.014073371887207031,
            "2_rename": 0.014119863510131836,
            "3_join": 0.01795792579650879,
            "4_aggregate_override": 0.017111539840698242,
            "5_join": 0.020029306411743164,
            "6_rename": 0.016431570053100586,
            "7_convert": 0.0847926139831543
        },
        "create_final_documents": {
            "overall": 0.030523300170898438,
            "0_rename": 0.015017271041870117
        }
    }
}