{
    "total_runtime": 120.93315982818604,
    "num_documents": 31,
    "input_load_time": 0,
    "workflows": {
        "create_base_text_units": {
            "overall": 0.1895465850830078,
            "0_orderby": 0.002024412155151367,
            "1_zip": 0.0019888877868652344,
            "2_aggregate_override": 0.0035407543182373047,
            "3_chunk": 0.15544986724853516,
            "4_select": 0.0024378299713134766,
            "5_unroll": 0.0031664371490478516,
            "6_rename": 0.0021698474884033203,
            "7_genid": 0.0037686824798583984,
            "8_unzip": 0.00275421142578125,
            "9_copy": 0.0023713111877441406,
            "10_filter": 0.008068323135375977
        },
        "create_base_extracted_entities": {
            "overall": 44.996034145355225,
            "0_entity_extract": 44.9383647441864,
            "1_snapshot": 0.010431528091430664,
            "2_merge_graphs": 0.0391240119934082,
            "3_snapshot_rows": 0.005079030990600586
        },
        "create_summarized_entities": {
            "overall": 8.253854990005493,
            "0_summarize_descriptions": 8.2435781955719,
            "1_snapshot_rows": 0.006056547164916992
        },
        "create_base_entity_graph": {
            "overall": 3.053941249847412,
            "0_cluster_graph": 0.16823458671569824,
            "1_snapshot_rows": 0.012569904327392578,
            "2_embed_graph": 2.8564205169677734,
            "3_snapshot_rows": 0.007884740829467773,
            "4_select": 0.0046389102935791016
        },
        "create_final_entities": {
            "overall": 1.449237585067749,
            "0_unpack_graph": 0.07140254974365234,
            "1_rename": 0.0053327083587646484,
            "2_select": 0.005567789077758789,
            "3_dedupe": 0.006323337554931641,
            "4_rename": 0.00589752197265625,
            "5_filter": 0.017052412033081055,
            "6_text_split": 0.00897979736328125,
            "7_drop": 0.010869979858398438,
            "8_merge": 0.046983957290649414,
            "9_text_embed": 1.2411277294158936,
            "10_drop": 0.0066759586334228516,
            "11_filter": 0.01781320571899414
        },
        "create_final_nodes": {
            "overall": 10.564284563064575,
            "0_layout_graph": 9.811472415924072,
            "1_unpack_graph": 0.34430718421936035,
            "2_unpack_graph": 0.3025171756744385,
            "3_drop": 0.007024288177490234,
            "4_filter": 0.02633070945739746,
            "5_select": 0.007076263427734375,
            "6_snapshot": 0.008464574813842773,
            "7_rename": 0.007143735885620117,
            "8_convert": 0.023328304290771484,
            "9_join": 0.012030363082885742,
            "10_rename": 0.007858753204345703
        },
        "create_final_communities": {
            "overall": 0.4620997905731201,
            "0_unpack_graph": 0.0714118480682373,
            "1_unpack_graph": 0.0692739486694336,
            "2_aggregate_override": 0.010315656661987305,
            "3_join": 0.015566349029541016,
            "4_join": 0.015149593353271484,
            "5_concat": 0.008869171142578125,
            "6_filter": 0.16147446632385254,
            "7_aggregate_override": 0.02525615692138672,
            "8_join": 0.012047290802001953,
            "9_filter": 0.02083110809326172,
            "10_fill": 0.009057998657226562,
            "11_merge": 0.01498866081237793,
            "12_copy": 0.009552001953125,
            "13_select": 0.0093841552734375
        },
        "join_text_units_to_entity_ids": {
            "overall": 0.044121503829956055,
            "0_select": 0.010009288787841797,
            "1_unroll": 0.011534690856933594,
            "2_aggregate_override": 0.012572050094604492
        },
        "create_final_relationships": {
            "overall": 0.26375746726989746,
            "0_unpack_graph": 0.0840768814086914,
            "1_filter": 0.048334360122680664,
            "2_rename": 0.010817527770996094,
            "3_filter": 0.033940792083740234,
            "4_drop": 0.01100301742553711,
            "5_compute_edge_combined_degree": 0.013063192367553711,
            "6_convert": 0.023218870162963867,
            "7_convert": 0.011105537414550781
        },
        "join_text_units_to_relationship_ids": {
            "overall": 0.06260251998901367,
            "0_select": 0.012950897216796875,
            "1_unroll": 0.012564897537231445,
            "2_aggregate_override": 0.013562679290771484,
            "3_select": 0.01184844970703125
        },
        "create_final_community_reports": {
            "overall": 46.27450489997864,
            "0_prepare_community_reports_nodes": 0.026044368743896484,
            "1_prepare_community_reports_edges": 0.01612377166748047,
            "2_restore_community_hierarchy": 0.016768693923950195,
            "3_prepare_community_reports": 0.2371079921722412,
            "4_create_community_reports": 45.942341327667236,
            "5_window": 0.019865989685058594
        },
        "create_final_text_units": {
            "overall": 0.09954977035522461,
            "0_select": 0.013005733489990234,
            "1_rename": 0.012877702713012695,
            "2_join": 0.016146183013916016,
            "3_join": 0.01604747772216797,
            "4_aggregate_override": 0.014635086059570312,
            "5_select": 0.013556718826293945
        },
        "create_base_documents": {
            "overall": 0.20142269134521484,
            "0_unroll": 0.014638662338256836,
            "1_select": 0.013885736465454102,
            "2_rename": 0.014015436172485352,
            "3_join": 0.01674818992614746,
            "4_aggregate_override": 0.015260696411132812,
            "5_join": 0.017017364501953125,
            "6_rename": 0.014516830444335938,
            "7_convert": 0.08122420310974121
        },
        "create_final_documents": {
            "overall": 0.03020000457763672,
            "0_rename": 0.014851093292236328
        }
    }
}