{
    "total_runtime": 256.4291682243347,
    "num_documents": 29,
    "input_load_time": 0,
    "workflows": {
        "create_base_text_units": {
            "overall": 0.5782830715179443,
            "0_orderby": 0.006401777267456055,
            "1_zip": 0.0069844722747802734,
            "2_aggregate_override": 0.01111149787902832,
            "3_chunk": 0.45011377334594727,
            "4_select": 0.008380889892578125,
            "5_unroll": 0.01053166389465332,
            "6_rename": 0.009056568145751953,
            "7_genid": 0.011413812637329102,
            "8_unzip": 0.011010885238647461,
            "9_copy": 0.01057291030883789,
            "10_filter": 0.03191661834716797
        },
        "create_base_extracted_entities": {
            "overall": 8.837695837020874,
            "0_entity_extract": 8.66246485710144,
            "1_snapshot": 0.02656865119934082,
            "2_merge_graphs": 0.11778593063354492,
            "3_snapshot_rows": 0.018065929412841797
        },
        "create_summarized_entities": {
            "overall": 170.44322848320007,
            "0_summarize_descriptions": 170.38603162765503,
            "1_snapshot_rows": 0.041555166244506836
        },
        "create_base_entity_graph": {
            "overall": 3.1151537895202637,
            "0_cluster_graph": 0.43207335472106934,
            "1_snapshot_rows": 0.0263211727142334,
            "2_embed_graph": 2.5921194553375244,
            "3_snapshot_rows": 0.02502608299255371,
            "4_select": 0.02087855339050293
        },
        "create_final_entities": {
            "overall": 1.8360466957092285,
            "0_unpack_graph": 0.1374039649963379,
            "1_rename": 0.024214506149291992,
            "2_select": 0.023767948150634766,
            "3_dedupe": 0.025203704833984375,
            "4_rename": 0.0243377685546875,
            "5_filter": 0.062426090240478516,
            "6_text_split": 0.03812575340270996,
            "7_drop": 0.02802443504333496,
            "8_merge": 0.1417696475982666,
            "9_text_embed": 1.207420825958252,
            "10_drop": 0.028839826583862305,
            "11_filter": 0.06891202926635742
        },
        "create_final_nodes": {
            "overall": 16.85949158668518,
            "0_layout_graph": 16.066009759902954,
            "1_unpack_graph": 0.15086913108825684,
            "2_unpack_graph": 0.15306639671325684,
            "3_drop": 0.033165693283081055,
            "4_filter": 0.08648180961608887,
            "5_select": 0.0343780517578125,
            "6_snapshot": 0.036609649658203125,
            "7_rename": 0.03532552719116211,
            "8_convert": 0.15044546127319336,
            "9_join": 0.045665740966796875,
            "10_rename": 0.03740549087524414
        },
        "create_final_communities": {
            "overall": 1.4571573734283447,
            "0_unpack_graph": 0.1613450050354004,
            "1_unpack_graph": 0.17057394981384277,
            "2_aggregate_override": 0.044483184814453125,
            "3_join": 0.17774248123168945,
            "4_join": 0.05072426795959473,
            "5_concat": 0.0424036979675293,
            "6_filter": 0.3544480800628662,
            "7_aggregate_override": 0.05258822441101074,
            "8_join": 0.05165386199951172,
            "9_filter": 0.09726285934448242,
            "10_fill": 0.04545140266418457,
            "11_merge": 0.0612790584564209,
            "12_copy": 0.04660964012145996,
            "13_select": 0.048063039779663086
        },
        "join_text_units_to_entity_ids": {
            "overall": 0.1984717845916748,
            "0_select": 0.0473637580871582,
            "1_unroll": 0.05066370964050293,
            "2_aggregate_override": 0.05321526527404785
        },
        "create_final_relationships": {
            "overall": 1.1100780963897705,
            "0_unpack_graph": 0.2908060550689697,
            "1_filter": 0.175429105758667,
            "2_rename": 0.0528714656829834,
            "3_filter": 0.18161606788635254,
            "4_drop": 0.05417346954345703,
            "5_compute_edge_combined_degree": 0.05956697463989258,
            "6_convert": 0.16764545440673828,
            "7_convert": 0.05606269836425781
        },
        "join_text_units_to_relationship_ids": {
            "overall": 0.29131531715393066,
            "0_select": 0.05640840530395508,
            "1_unroll": 0.058736324310302734,
            "2_aggregate_override": 0.061826229095458984,
            "3_select": 0.05922985076904297
        },
        "create_final_community_reports": {
            "overall": 43.146321535110474,
            "0_prepare_community_reports_nodes": 0.16637420654296875,
            "1_prepare_community_reports_edges": 0.21364068984985352,
            "2_restore_community_hierarchy": 0.07590341567993164,
            "3_prepare_community_reports": 0.624075174331665,
            "4_create_community_reports": 41.92367148399353,
            "5_window": 0.07839298248291016
        },
        "create_final_text_units": {
            "overall": 0.5095334053039551,
            "0_select": 0.06497383117675781,
            "1_rename": 0.06600737571716309,
            "2_join": 0.07303762435913086,
            "3_join": 0.07522273063659668,
            "4_aggregate_override": 0.08399772644042969,
            "5_select": 0.07624983787536621
        },
        "create_base_documents": {
            "overall": 0.9810037612915039,
            "0_unroll": 0.07062077522277832,
            "1_select": 0.07063841819763184,
            "2_rename": 0.06994056701660156,
            "3_join": 0.07718777656555176,
            "4_aggregate_override": 0.07436776161193848,
            "5_join": 0.07912993431091309,
            "6_rename": 0.07468867301940918,
            "7_convert": 0.3974606990814209
        },
        "create_final_documents": {
            "overall": 0.14608478546142578,
            "0_rename": 0.07371068000793457
        }
    }
}