{
    "total_runtime": 17.65733528137207,
    "num_documents": 29,
    "input_load_time": 0,
    "workflows": {
        "create_base_text_units": {
            "overall": 0.1916797161102295,
            "0_orderby": 0.002383708953857422,
            "1_zip": 0.0022766590118408203,
            "2_aggregate_override": 0.004238128662109375,
            "3_chunk": 0.1561579704284668,
            "4_select": 0.0024323463439941406,
            "5_unroll": 0.0031976699829101562,
            "6_rename": 0.002228260040283203,
            "7_genid": 0.0033762454986572266,
            "8_unzip": 0.0027434825897216797,
            "9_copy": 0.002358675003051758,
            "10_filter": 0.008320331573486328
        },
        "create_base_extracted_entities": {
            "overall": 0.1154637336730957,
            "0_entity_extract": 0.07602953910827637,
            "1_snapshot": 0.0078089237213134766,
            "2_merge_graphs": 0.02408289909362793,
            "3_snapshot_rows": 0.004433155059814453
        },
        "create_summarized_entities": {
            "overall": 0.11563754081726074,
            "0_summarize_descriptions": 0.10690188407897949,
            "1_snapshot_rows": 0.00494694709777832
        },
        "create_base_entity_graph": {
            "overall": 1.728445053100586,
            "0_cluster_graph": 0.09871578216552734,
            "1_snapshot_rows": 0.00927424430847168,
            "2_embed_graph": 1.595606803894043,
            "3_snapshot_rows": 0.007020473480224609,
            "4_select": 0.013582468032836914
        },
        "create_final_entities": {
            "overall": 0.4031188488006592,
            "0_unpack_graph": 0.05760049819946289,
            "1_rename": 0.006861448287963867,
            "2_select": 0.006818294525146484,
            "3_dedupe": 0.005346059799194336,
            "4_rename": 0.005095720291137695,
            "5_filter": 0.01423501968383789,
            "6_text_split": 0.00801992416381836,
            "7_drop": 0.005743265151977539,
            "8_merge": 0.03343796730041504,
            "9_text_embed": 0.22703337669372559,
            "10_drop": 0.00760197639465332,
            "11_filter": 0.018402099609375
        },
        "create_final_nodes": {
            "overall": 9.087519407272339,
            "0_layout_graph": 8.886162519454956,
            "1_unpack_graph": 0.04574894905090332,
            "2_unpack_graph": 0.04523611068725586,
            "3_filter": 0.0278012752532959,
            "4_drop": 0.007899284362792969,
            "5_select": 0.006997346878051758,
            "6_snapshot": 0.008961677551269531,
            "7_rename": 0.00722503662109375,
            "8_join": 0.012575387954711914,
            "9_convert": 0.024306774139404297,
            "10_rename": 0.007756710052490234
        },
        "create_final_communities": {
            "overall": 0.30559849739074707,
            "0_unpack_graph": 0.04538607597351074,
            "1_unpack_graph": 0.04167890548706055,
            "2_aggregate_override": 0.010371923446655273,
            "3_join": 0.013917684555053711,
            "4_join": 0.013177156448364258,
            "5_concat": 0.008816719055175781,
            "6_filter": 0.07231521606445312,
            "7_aggregate_override": 0.013389348983764648,
            "8_join": 0.01300954818725586,
            "9_filter": 0.020592451095581055,
            "10_fill": 0.009124040603637695,
            "11_merge": 0.014820575714111328,
            "12_copy": 0.009436845779418945,
            "13_select": 0.010478734970092773
        },
        "join_text_units_to_entity_ids": {
            "overall": 0.04776406288146973,
            "0_select": 0.010788202285766602,
            "1_unroll": 0.012705802917480469,
            "2_aggregate_override": 0.012793540954589844
        },
        "create_final_relationships": {
            "overall": 0.2062368392944336,
            "0_unpack_graph": 0.05542755126953125,
            "1_filter": 0.028697490692138672,
            "2_rename": 0.010775327682495117,
            "3_filter": 0.028368711471557617,
            "4_drop": 0.010879755020141602,
            "5_compute_edge_combined_degree": 0.013177156448364258,
            "6_convert": 0.02210259437561035,
            "7_convert": 0.011081218719482422
        },
        "join_text_units_to_relationship_ids": {
            "overall": 0.061211347579956055,
            "0_select": 0.011602401733398438,
            "1_unroll": 0.012537956237792969,
            "2_aggregate_override": 0.013340950012207031,
            "3_select": 0.011935710906982422
        },
        "create_final_community_reports": {
            "overall": 0.3380570411682129,
            "0_prepare_community_reports_nodes": 0.019189119338989258,
            "1_prepare_community_reports_edges": 0.015361309051513672,
            "2_restore_community_hierarchy": 0.021491050720214844,
            "3_prepare_community_reports": 0.18408894538879395,
            "4_create_community_reports": 0.060625553131103516,
            "5_window": 0.013441801071166992
        },
        "create_final_text_units": {
            "overall": 0.09989309310913086,
            "0_select": 0.013069391250610352,
            "1_rename": 0.01304769515991211,
            "2_join": 0.016095876693725586,
            "3_join": 0.016128063201904297,
            "4_aggregate_override": 0.014714717864990234,
            "5_select": 0.013526439666748047
        },
        "create_base_documents": {
            "overall": 0.18845343589782715,
            "0_unroll": 0.014640331268310547,
            "1_select": 0.013971805572509766,
            "2_rename": 0.014163732528686523,
            "3_join": 0.01697516441345215,
            "4_aggregate_override": 0.015475988388061523,
            "5_join": 0.01720881462097168,
            "6_rename": 0.014641761779785156,
            "7_convert": 0.06693148612976074
        },
        "create_final_documents": {
            "overall": 0.0307161808013916,
            "0_rename": 0.015229463577270508
        }
    }
}