{
    "total_runtime": 93.74886655807495,
    "num_documents": 30,
    "input_load_time": 0,
    "workflows": {
        "create_base_text_units": {
            "overall": 0.19132614135742188,
            "0_orderby": 0.0020067691802978516,
            "1_zip": 0.002042055130004883,
            "2_aggregate_override": 0.0035877227783203125,
            "3_chunk": 0.15693449974060059,
            "4_select": 0.002435445785522461,
            "5_unroll": 0.0031278133392333984,
            "6_rename": 0.0021932125091552734,
            "7_genid": 0.003981590270996094,
            "8_unzip": 0.002787351608276367,
            "9_copy": 0.0024497509002685547,
            "10_filter": 0.007995128631591797
        },
        "create_base_extracted_entities": {
            "overall": 41.34886193275452,
            "0_entity_extract": 41.269654273986816,
            "1_snapshot": 0.02403402328491211,
            "2_merge_graphs": 0.04695725440979004,
            "3_snapshot_rows": 0.0051288604736328125
        },
        "create_summarized_entities": {
            "overall": 9.899712800979614,
            "0_summarize_descriptions": 9.887228965759277,
            "1_snapshot_rows": 0.008768796920776367
        },
        "create_base_entity_graph": {
            "overall": 0.9148111343383789,
            "0_cluster_graph": 0.09012031555175781,
            "1_snapshot_rows": 0.008335590362548828,
            "2_embed_graph": 0.7869553565979004,
            "3_snapshot_rows": 0.014212369918823242,
            "4_select": 0.011130332946777344
        },
        "create_final_entities": {
            "overall": 1.1337103843688965,
            "0_unpack_graph": 0.0316157341003418,
            "1_rename": 0.005042314529418945,
            "2_select": 0.004996776580810547,
            "3_dedupe": 0.0053102970123291016,
            "4_rename": 0.005187511444091797,
            "5_filter": 0.01414036750793457,
            "6_text_split": 0.008552789688110352,
            "7_drop": 0.00565028190612793,
            "8_merge": 0.037378549575805664,
            "9_text_embed": 0.9882638454437256,
            "10_drop": 0.006279945373535156,
            "11_filter": 0.01621842384338379
        },
        "create_final_nodes": {
            "overall": 7.753997087478638,
            "0_layout_graph": 7.279294013977051,
            "1_unpack_graph": 0.33933353424072266,
            "2_unpack_graph": 0.034940481185913086,
            "3_drop": 0.007179737091064453,
            "4_filter": 0.020061254501342773,
            "5_select": 0.007148027420043945,
            "6_snapshot": 0.008699893951416016,
            "7_rename": 0.007250785827636719,
            "8_join": 0.011452674865722656,
            "9_convert": 0.0238645076751709,
            "10_rename": 0.007809638977050781
        },
        "create_final_communities": {
            "overall": 0.25164008140563965,
            "0_unpack_graph": 0.03572726249694824,
            "1_unpack_graph": 0.033411502838134766,
            "2_aggregate_override": 0.009999275207519531,
            "3_join": 0.012540340423583984,
            "4_join": 0.012385129928588867,
            "5_concat": 0.008753061294555664,
            "6_filter": 0.044982194900512695,
            "7_aggregate_override": 0.012070178985595703,
            "8_join": 0.011856794357299805,
            "9_filter": 0.02035808563232422,
            "10_fill": 0.00921010971069336,
            "11_merge": 0.012494802474975586,
            "12_copy": 0.009484529495239258,
            "13_select": 0.009563922882080078
        },
        "join_text_units_to_entity_ids": {
            "overall": 0.051654815673828125,
            "0_select": 0.01011800765991211,
            "1_unroll": 0.010816574096679688,
            "2_aggregate_override": 0.011909008026123047
        },
        "create_final_relationships": {
            "overall": 0.18558764457702637,
            "0_unpack_graph": 0.04304218292236328,
            "1_filter": 0.027193546295166016,
            "2_rename": 0.010762691497802734,
            "3_filter": 0.026994705200195312,
            "4_drop": 0.010952234268188477,
            "5_compute_edge_combined_degree": 0.013275861740112305,
            "6_convert": 0.02261209487915039,
            "7_convert": 0.011147737503051758
        },
        "join_text_units_to_relationship_ids": {
            "overall": 0.06096458435058594,
            "0_select": 0.011422872543334961,
            "1_unroll": 0.012418746948242188,
            "2_aggregate_override": 0.013672590255737305,
            "3_select": 0.011857748031616211
        },
        "create_final_community_reports": {
            "overall": 27.57853651046753,
            "0_prepare_community_reports_nodes": 0.01804661750793457,
            "1_prepare_community_reports_edges": 0.015904903411865234,
            "2_restore_community_hierarchy": 0.015303611755371094,
            "3_prepare_community_reports": 0.09828591346740723,
            "4_create_community_reports": 27.379488468170166,
            "5_window": 0.02788996696472168
        },
        "create_final_text_units": {
            "overall": 0.10123729705810547,
            "0_select": 0.013241291046142578,
            "1_rename": 0.013139724731445312,
            "2_join": 0.016313552856445312,
            "3_join": 0.01627945899963379,
            "4_aggregate_override": 0.014934778213500977,
            "5_select": 0.013726472854614258
        },
        "create_base_documents": {
            "overall": 0.16521453857421875,
            "0_unroll": 0.014673233032226562,
            "1_select": 0.014009952545166016,
            "2_rename": 0.014068603515625,
            "3_join": 0.016962051391601562,
            "4_aggregate_override": 0.015267133712768555,
            "5_join": 0.016999244689941406,
            "6_rename": 0.014643192291259766,
            "7_convert": 0.04453539848327637
        },
        "create_final_documents": {
            "overall": 0.03009963035583496,
            "0_rename": 0.014992713928222656
        }
    }
}