{
    "total_runtime": 18.32300305366516,
    "num_documents": 1,
    "input_load_time": 0,
    "workflows": {
        "create_base_text_units": {
            "overall": 0.7931177616119385,
            "0_orderby": 0.008343219757080078,
            "1_zip": 0.009419679641723633,
            "2_aggregate_override": 0.014242410659790039,
            "3_chunk": 0.6096293926239014,
            "4_select": 0.023971080780029297,
            "5_unroll": 0.014210700988769531,
            "6_rename": 0.012245893478393555,
            "7_genid": 0.013597726821899414,
            "8_unzip": 0.014899969100952148,
            "9_copy": 0.014590263366699219,
            "10_filter": 0.042958974838256836
        },
        "create_base_extracted_entities": {
            "overall": 16.941725254058838,
            "0_entity_extract": 16.850375175476074,
            "1_snapshot": 0.022051334381103516,
            "2_merge_graphs": 0.028859376907348633,
            "3_snapshot_rows": 0.022406816482543945
        }
    }
}