{
    "total_runtime": 134.59110689163208,
    "num_documents": 31,
    "input_load_time": 0,
    "workflows": {
        "create_base_text_units": {
            "overall": 0.1892867088317871,
            "0_orderby": 0.0018336772918701172,
            "1_zip": 0.001955270767211914,
            "2_aggregate_override": 0.0034134387969970703,
            "3_chunk": 0.15592002868652344,
            "4_select": 0.0023877620697021484,
            "5_unroll": 0.003069162368774414,
            "6_rename": 0.002166748046875,
            "7_genid": 0.003774404525756836,
            "8_unzip": 0.0027315616607666016,
            "9_copy": 0.0023458003997802734,
            "10_filter": 0.007927894592285156
        },
        "create_base_extracted_entities": {
            "overall": 67.45552158355713,
            "0_entity_extract": 67.37020182609558,
            "1_snapshot": 0.02290630340576172,
            "2_merge_graphs": 0.053585052490234375,
            "3_snapshot_rows": 0.005728721618652344
        },
        "create_summarized_entities": {
            "overall": 8.507742404937744,
            "0_summarize_descriptions": 8.498196363449097,
            "1_snapshot_rows": 0.005881309509277344
        },
        "create_base_entity_graph": {
            "overall": 2.3872034549713135,
            "0_cluster_graph": 0.13412213325500488,
            "1_snapshot_rows": 0.010073184967041016,
            "2_embed_graph": 2.2168691158294678,
            "3_snapshot_rows": 0.011424064636230469,
            "4_select": 0.010651826858520508
        },
        "create_final_entities": {
            "overall": 1.3782761096954346,
            "0_unpack_graph": 0.050805091857910156,
            "1_rename": 0.005162954330444336,
            "2_select": 0.0050585269927978516,
            "3_dedupe": 0.005292654037475586,
            "4_rename": 0.005070924758911133,
            "5_filter": 0.013998985290527344,
            "6_text_split": 0.008693218231201172,
            "7_drop": 0.005585193634033203,
            "8_merge": 0.03972744941711426,
            "9_text_embed": 1.2098584175109863,
            "10_drop": 0.006993293762207031,
            "11_filter": 0.017012357711791992
        },
        "create_final_nodes": {
            "overall": 9.380146265029907,
            "0_layout_graph": 8.945369243621826,
            "1_unpack_graph": 0.058170318603515625,
            "2_unpack_graph": 0.27480316162109375,
            "3_drop": 0.007170200347900391,
            "4_filter": 0.022382497787475586,
            "5_select": 0.0070629119873046875,
            "6_snapshot": 0.008135795593261719,
            "7_rename": 0.007204294204711914,
            "8_join": 0.011489152908325195,
            "9_convert": 0.02370929718017578,
            "10_rename": 0.007691144943237305
        },
        "create_final_communities": {
            "overall": 0.37656188011169434,
            "0_unpack_graph": 0.08585357666015625,
            "1_unpack_graph": 0.054030656814575195,
            "2_aggregate_override": 0.009987592697143555,
            "3_join": 0.014124393463134766,
            "4_join": 0.013806581497192383,
            "5_concat": 0.008826017379760742,
            "6_filter": 0.09199714660644531,
            "7_aggregate_override": 0.014003515243530273,
            "8_join": 0.011728763580322266,
            "9_filter": 0.020577430725097656,
            "10_fill": 0.008978605270385742,
            "11_merge": 0.014928579330444336,
            "12_copy": 0.009352922439575195,
            "13_select": 0.00936436653137207
        },
        "join_text_units_to_entity_ids": {
            "overall": 0.04264092445373535,
            "0_select": 0.009819746017456055,
            "1_unroll": 0.010920047760009766,
            "2_aggregate_override": 0.011673927307128906
        },
        "create_final_relationships": {
            "overall": 0.22489523887634277,
            "0_unpack_graph": 0.06864142417907715,
            "1_filter": 0.029638290405273438,
            "2_rename": 0.010567188262939453,
            "3_filter": 0.030407428741455078,
            "4_drop": 0.011335134506225586,
            "5_compute_edge_combined_degree": 0.013258934020996094,
            "6_convert": 0.02246856689453125,
            "7_convert": 0.013005495071411133
        },
        "join_text_units_to_relationship_ids": {
            "overall": 0.06084775924682617,
            "0_select": 0.011376619338989258,
            "1_unroll": 0.012437582015991211,
            "2_aggregate_override": 0.013418197631835938,
            "3_select": 0.011947870254516602
        },
        "create_final_community_reports": {
            "overall": 39.443172216415405,
            "0_prepare_community_reports_nodes": 0.020752906799316406,
            "1_prepare_community_reports_edges": 0.01645803451538086,
            "2_restore_community_hierarchy": 0.048056840896606445,
            "3_prepare_community_reports": 0.20246601104736328,
            "4_create_community_reports": 39.11168837547302,
            "5_window": 0.015249967575073242
        },
        "create_final_text_units": {
            "overall": 0.11023211479187012,
            "0_select": 0.015375852584838867,
            "1_rename": 0.015203237533569336,
            "2_join": 0.01626276969909668,
            "3_join": 0.016282081604003906,
            "4_aggregate_override": 0.016713380813598633,
            "5_select": 0.016058683395385742
        },
        "create_base_documents": {
            "overall": 0.1945056915283203,
            "0_unroll": 0.014925241470336914,
            "1_select": 0.014232397079467773,
            "2_rename": 0.014120340347290039,
            "3_join": 0.016941547393798828,
            "4_aggregate_override": 0.015520334243774414,
            "5_join": 0.017358064651489258,
            "6_rename": 0.02202129364013672,
            "7_convert": 0.06350541114807129
        },
        "create_final_documents": {
            "overall": 0.03543400764465332,
            "0_rename": 0.01727008819580078
        }
    }
}