{
    "total_runtime": 162.4736566543579,
    "num_documents": 17,
    "input_load_time": 0,
    "workflows": {
        "create_base_text_units": {
            "overall": 0.1836392879486084,
            "0_orderby": 0.001971721649169922,
            "1_zip": 0.002066373825073242,
            "2_aggregate_override": 0.003512144088745117,
            "3_chunk": 0.1499936580657959,
            "4_select": 0.002401113510131836,
            "5_unroll": 0.003107309341430664,
            "6_rename": 0.002178192138671875,
            "7_genid": 0.0032453536987304688,
            "8_unzip": 0.0027573108673095703,
            "9_copy": 0.0023641586303710938,
            "10_filter": 0.008151054382324219
        },
        "create_base_extracted_entities": {
            "overall": 66.1978120803833,
            "0_entity_extract": 66.1270923614502,
            "1_snapshot": 0.0190126895904541,
            "2_merge_graphs": 0.04308271408081055,
            "3_snapshot_rows": 0.0055081844329833984
        },
        "create_summarized_entities": {
            "overall": 7.083115577697754,
            "0_summarize_descriptions": 7.07038688659668,
            "1_snapshot_rows": 0.009076118469238281
        },
        "create_base_entity_graph": {
            "overall": 2.733170986175537,
            "0_cluster_graph": 0.14621543884277344,
            "1_snapshot_rows": 0.01133275032043457,
            "2_embed_graph": 2.546312093734741,
            "3_snapshot_rows": 0.014201641082763672,
            "4_select": 0.01106405258178711
        },
        "create_final_entities": {
            "overall": 1.2543284893035889,
            "0_unpack_graph": 0.06642699241638184,
            "1_rename": 0.005219936370849609,
            "2_select": 0.005101919174194336,
            "3_dedupe": 0.005315303802490234,
            "4_rename": 0.005101442337036133,
            "5_filter": 0.014080286026000977,
            "6_text_split": 0.008478403091430664,
            "7_drop": 0.0056040287017822266,
            "8_merge": 0.03720664978027344,
            "9_text_embed": 1.065943717956543,
            "10_drop": 0.010368108749389648,
            "11_filter": 0.016000747680664062
        },
        "create_final_nodes": {
            "overall": 9.910275220870972,
            "0_layout_graph": 9.394714593887329,
            "1_unpack_graph": 0.3157994747161865,
            "2_unpack_graph": 0.08721446990966797,
            "3_drop": 0.007692575454711914,
            "4_filter": 0.02541184425354004,
            "5_select": 0.0070912837982177734,
            "6_snapshot": 0.00881814956665039,
            "7_rename": 0.007169246673583984,
            "8_join": 0.011737585067749023,
            "9_convert": 0.023916006088256836,
            "10_rename": 0.007825613021850586
        },
        "create_final_communities": {
            "overall": 0.4301161766052246,
            "0_unpack_graph": 0.062410831451416016,
            "1_unpack_graph": 0.059929847717285156,
            "2_aggregate_override": 0.010214567184448242,
            "3_join": 0.014835596084594727,
            "4_join": 0.015013694763183594,
            "5_concat": 0.008943796157836914,
            "6_filter": 0.13772153854370117,
            "7_aggregate_override": 0.013216972351074219,
            "8_join": 0.011911392211914062,
            "9_filter": 0.04471707344055176,
            "10_fill": 0.009557485580444336,
            "11_merge": 0.013715982437133789,
            "12_copy": 0.009493350982666016,
            "13_select": 0.009502649307250977
        },
        "join_text_units_to_entity_ids": {
            "overall": 0.04198312759399414,
            "0_select": 0.009821653366088867,
            "1_unroll": 0.010819196701049805,
            "2_aggregate_override": 0.011339187622070312
        },
        "create_final_relationships": {
            "overall": 0.2618842124938965,
            "0_unpack_graph": 0.07185935974121094,
            "1_filter": 0.032189130783081055,
            "2_rename": 0.01067972183227539,
            "3_filter": 0.03191351890563965,
            "4_drop": 0.016124725341796875,
            "5_compute_edge_combined_degree": 0.040050506591796875,
            "6_convert": 0.022474288940429688,
            "7_convert": 0.011441946029663086
        },
        "join_text_units_to_relationship_ids": {
            "overall": 0.06065535545349121,
            "0_select": 0.011576414108276367,
            "1_unroll": 0.01238250732421875,
            "2_aggregate_override": 0.013074159622192383,
            "3_select": 0.011939764022827148
        },
        "create_final_community_reports": {
            "overall": 69.14745688438416,
            "0_prepare_community_reports_nodes": 0.022879362106323242,
            "1_prepare_community_reports_edges": 0.01587224006652832,
            "2_restore_community_hierarchy": 0.015937328338623047,
            "3_prepare_community_reports": 0.17068147659301758,
            "4_create_community_reports": 68.8871123790741,
            "5_window": 0.02221512794494629
        },
        "create_final_text_units": {
            "overall": 0.13316774368286133,
            "0_select": 0.045800209045410156,
            "1_rename": 0.013093948364257812,
            "2_join": 0.016083240509033203,
            "3_join": 0.016149520874023438,
            "4_aggregate_override": 0.014978170394897461,
            "5_select": 0.013506412506103516
        },
        "create_base_documents": {
            "overall": 0.16640353202819824,
            "0_unroll": 0.014750003814697266,
            "1_select": 0.014003515243530273,
            "2_rename": 0.01410675048828125,
            "3_join": 0.016901731491088867,
            "4_aggregate_override": 0.015659093856811523,
            "5_join": 0.017481327056884766,
            "6_rename": 0.01474308967590332,
            "7_convert": 0.04462552070617676
        },
        "create_final_documents": {
            "overall": 0.03072953224182129,
            "0_rename": 0.015306234359741211
        }
    }
}