{
    "total_runtime": 38.768178939819336,
    "num_documents": 3,
    "input_load_time": 0,
    "workflows": {
        "create_base_text_units": {
            "overall": 0.10736989974975586,
            "0_orderby": 0.0012271404266357422,
            "1_zip": 0.0012378692626953125,
            "2_aggregate_override": 0.0018870830535888672,
            "3_chunk": 0.08410906791687012,
            "4_select": 0.0017430782318115234,
            "5_unroll": 0.0019192695617675781,
            "6_rename": 0.001641988754272461,
            "7_genid": 0.001840829849243164,
            "8_unzip": 0.002190828323364258,
            "9_copy": 0.0017409324645996094,
            "10_filter": 0.006863117218017578
        },
        "create_base_extracted_entities": {
            "overall": 16.840807914733887,
            "0_entity_extract": 16.816102981567383,
            "1_snapshot": 0.007995843887329102,
            "2_merge_graphs": 0.010136842727661133,
            "3_snapshot_rows": 0.00446319580078125
        },
        "create_summarized_entities": {
            "overall": 1.1801457405090332,
            "0_summarize_descriptions": 1.169429063796997,
            "1_snapshot_rows": 0.008048057556152344
        },
        "create_base_entity_graph": {
            "overall": 0.050115108489990234,
            "0_cluster_graph": 0.010146141052246094,
            "1_snapshot_rows": 0.004147052764892578,
            "2_embed_graph": 0.02382969856262207,
            "3_snapshot_rows": 0.004660844802856445,
            "4_select": 0.0039179325103759766
        },
        "create_final_entities": {
            "overall": 0.5364620685577393,
            "0_unpack_graph": 0.004418849945068359,
            "1_rename": 0.004225015640258789,
            "2_select": 0.003909111022949219,
            "3_dedupe": 0.004361152648925781,
            "4_rename": 0.003760814666748047,
            "5_filter": 0.009428977966308594,
            "6_text_split": 0.005083799362182617,
            "7_drop": 0.004952669143676758,
            "8_merge": 0.0072269439697265625,
            "9_text_embed": 0.46465396881103516,
            "10_drop": 0.0065538883209228516,
            "11_filter": 0.01420903205871582
        },
        "create_final_nodes": {
            "overall": 1.9916841983795166,
            "0_layout_graph": 1.9043262004852295,
            "1_unpack_graph": 0.007463216781616211,
            "2_unpack_graph": 0.006891012191772461,
            "3_drop": 0.005337953567504883,
            "4_filter": 0.01231694221496582,
            "5_select": 0.005421876907348633,
            "6_snapshot": 0.0059430599212646484,
            "7_rename": 0.005769014358520508,
            "8_convert": 0.018822193145751953,
            "9_join": 0.008063793182373047,
            "10_rename": 0.0065610408782958984
        },
        "create_final_communities": {
            "overall": 0.13511395454406738,
            "0_unpack_graph": 0.00680088996887207,
            "1_unpack_graph": 0.006884098052978516,
            "2_aggregate_override": 0.0074269771575927734,
            "3_join": 0.008609771728515625,
            "4_join": 0.008580923080444336,
            "5_concat": 0.007075071334838867,
            "6_filter": 0.01888298988342285,
            "7_aggregate_override": 0.007975339889526367,
            "8_join": 0.00872802734375,
            "9_filter": 0.016545772552490234,
            "10_fill": 0.007817983627319336,
            "11_merge": 0.008403778076171875,
            "12_copy": 0.007688045501708984,
            "13_select": 0.007545948028564453
        },
        "join_text_units_to_entity_ids": {
            "overall": 0.03260326385498047,
            "0_select": 0.008104085922241211,
            "1_unroll": 0.008159875869750977,
            "2_aggregate_override": 0.009062051773071289
        },
        "create_final_relationships": {
            "overall": 0.10630607604980469,
            "0_unpack_graph": 0.009353160858154297,
            "1_filter": 0.017871856689453125,
            "2_rename": 0.008467912673950195,
            "3_filter": 0.018568992614746094,
            "4_drop": 0.00857996940612793,
            "5_compute_edge_combined_degree": 0.009620904922485352,
            "6_convert": 0.017364025115966797,
            "7_convert": 0.008648157119750977
        },
        "join_text_units_to_relationship_ids": {
            "overall": 0.04732203483581543,
            "0_select": 0.009310007095336914,
            "1_unroll": 0.009560108184814453,
            "2_aggregate_override": 0.010154962539672852,
            "3_select": 0.009657144546508789
        },
        "create_final_community_reports": {
            "overall": 16.099159002304077,
            "0_prepare_community_reports_nodes": 0.010664939880371094,
            "1_prepare_community_reports_edges": 0.010637044906616211,
            "2_restore_community_hierarchy": 0.01102590560913086,
            "3_prepare_community_reports": 0.020399093627929688,
            "4_create_community_reports": 16.01896595954895,
            "5_window": 0.01774001121520996
        },
        "create_final_text_units": {
            "overall": 0.07689118385314941,
            "0_select": 0.01011204719543457,
            "1_rename": 0.010332345962524414,
            "2_join": 0.01225423812866211,
            "3_join": 0.012366056442260742,
            "4_aggregate_override": 0.011670112609863281,
            "5_select": 0.010500907897949219
        },
        "create_base_documents": {
            "overall": 0.12763214111328125,
            "0_unroll": 0.011389017105102539,
            "1_select": 0.011054039001464844,
            "2_rename": 0.011031150817871094,
            "3_join": 0.013099908828735352,
            "4_aggregate_override": 0.011678218841552734,
            "5_join": 0.013017892837524414,
            "6_rename": 0.01146697998046875,
            "7_convert": 0.034555912017822266
        },
        "create_final_documents": {
            "overall": 0.023298025131225586,
            "0_rename": 0.011929988861083984
        }
    }
}