{
    "total_runtime": 10.8299560546875,
    "num_documents": 29,
    "input_load_time": 0,
    "workflows": {
        "create_base_text_units": {
            "overall": 0.6333866119384766,
            "0_orderby": 0.006593465805053711,
            "1_zip": 0.008380651473999023,
            "2_aggregate_override": 0.013424873352050781,
            "3_chunk": 0.49304652214050293,
            "4_select": 0.008709907531738281,
            "5_unroll": 0.012558937072753906,
            "6_rename": 0.010834217071533203,
            "7_genid": 0.011272192001342773,
            "8_unzip": 0.01087045669555664,
            "9_copy": 0.010458946228027344,
            "10_filter": 0.03603529930114746
        },
        "create_base_extracted_entities": {
            "overall": 9.607029676437378,
            "0_entity_extract": 9.453744411468506,
            "1_snapshot": 0.021043777465820312,
            "2_merge_graphs": 0.0910184383392334,
            "3_snapshot_rows": 0.018217086791992188
        }
    }
}