{
    "total_runtime": 51.52424144744873,
    "num_documents": 2,
    "input_load_time": 0,
    "workflows": {
        "create_base_text_units": {
            "overall": 0.16323161125183105,
            "0_orderby": 0.0018591880798339844,
            "1_zip": 0.002199888229370117,
            "2_aggregate_override": 0.0035521984100341797,
            "3_chunk": 0.12736892700195312,
            "4_select": 0.002543210983276367,
            "5_unroll": 0.003377676010131836,
            "6_rename": 0.002562999725341797,
            "7_genid": 0.0028350353240966797,
            "8_unzip": 0.0031812191009521484,
            "9_copy": 0.002957582473754883,
            "10_filter": 0.009037256240844727
        },
        "create_base_extracted_entities": {
            "overall": 29.23985981941223,
            "0_entity_extract": 29.203532218933105,
            "1_snapshot": 0.009092569351196289,
            "2_merge_graphs": 0.014494657516479492,
            "3_snapshot_rows": 0.009319067001342773
        },
        "create_summarized_entities": {
            "overall": 0.018223285675048828,
            "0_summarize_descriptions": 0.009060382843017578,
            "1_snapshot_rows": 0.0050754547119140625
        },
        "create_base_entity_graph": {
            "overall": 0.06732392311096191,
            "0_cluster_graph": 0.011600971221923828,
            "1_snapshot_rows": 0.005748748779296875,
            "2_embed_graph": 0.03305649757385254,
            "3_snapshot_rows": 0.006894826889038086,
            "4_select": 0.005409955978393555
        },
        "create_final_entities": {
            "overall": 0.6135702133178711,
            "0_unpack_graph": 0.00691986083984375,
            "1_rename": 0.0056591033935546875,
            "2_select": 0.0057697296142578125,
            "3_dedupe": 0.006021738052368164,
            "4_rename": 0.00603032112121582,
            "5_filter": 0.014654397964477539,
            "6_text_split": 0.006813764572143555,
            "7_drop": 0.006598711013793945,
            "8_merge": 0.010489225387573242,
            "9_text_embed": 0.5151674747467041,
            "10_drop": 0.007359504699707031,
            "11_filter": 0.016643285751342773
        },
        "create_final_nodes": {
            "overall": 3.759941339492798,
            "0_layout_graph": 3.6310787200927734,
            "1_unpack_graph": 0.009340047836303711,
            "2_unpack_graph": 0.009605169296264648,
            "3_filter": 0.018326759338378906,
            "4_drop": 0.008236885070800781,
            "5_select": 0.008394956588745117,
            "6_snapshot": 0.009340047836303711,
            "7_rename": 0.008656740188598633,
            "8_convert": 0.02777719497680664,
            "9_join": 0.012558221817016602,
            "10_rename": 0.009117364883422852
        },
        "create_final_communities": {
            "overall": 0.1943972110748291,
            "0_unpack_graph": 0.010506868362426758,
            "1_unpack_graph": 0.010698080062866211,
            "2_aggregate_override": 0.010953187942504883,
            "3_join": 0.013277530670166016,
            "4_join": 0.013160228729248047,
            "5_concat": 0.009989500045776367,
            "6_filter": 0.023001432418823242,
            "7_aggregate_override": 0.011893272399902344,
            "8_join": 0.013342142105102539,
            "9_filter": 0.023728370666503906,
            "10_fill": 0.01071310043334961,
            "11_merge": 0.011373758316040039,
            "12_copy": 0.011046648025512695,
            "13_select": 0.011142969131469727
        },
        "join_text_units_to_entity_ids": {
            "overall": 0.04868435859680176,
            "0_select": 0.01159811019897461,
            "1_unroll": 0.01253652572631836,
            "2_aggregate_override": 0.012953042984008789
        },
        "create_final_relationships": {
            "overall": 0.1599254608154297,
            "0_unpack_graph": 0.013453245162963867,
            "1_filter": 0.026436328887939453,
            "2_rename": 0.012338876724243164,
            "3_filter": 0.027001142501831055,
            "4_drop": 0.012696027755737305,
            "5_compute_edge_combined_degree": 0.01508188247680664,
            "6_convert": 0.026323318481445312,
            "7_convert": 0.013249874114990234
        },
        "join_text_units_to_relationship_ids": {
            "overall": 0.07033610343933105,
            "0_select": 0.01348733901977539,
            "1_unroll": 0.014378070831298828,
            "2_aggregate_override": 0.015057563781738281,
            "3_select": 0.01403498649597168
        },
        "create_final_community_reports": {
            "overall": 14.299695491790771,
            "0_prepare_community_reports_nodes": 0.015002965927124023,
            "1_prepare_community_reports_edges": 0.015187740325927734,
            "2_restore_community_hierarchy": 0.016412019729614258,
            "3_prepare_community_reports": 0.026520490646362305,
            "4_create_community_reports": 14.184131145477295,
            "5_window": 0.028202295303344727
        },
        "create_final_text_units": {
            "overall": 0.11881041526794434,
            "0_select": 0.015540361404418945,
            "1_rename": 0.015537738800048828,
            "2_join": 0.018621206283569336,
            "3_join": 0.018736839294433594,
            "4_aggregate_override": 0.017351388931274414,
            "5_select": 0.016115188598632812
        },
        "create_base_documents": {
            "overall": 0.19415068626403809,
            "0_unroll": 0.017238855361938477,
            "1_select": 0.01669001579284668,
            "2_rename": 0.016781091690063477,
            "3_join": 0.01933598518371582,
            "4_aggregate_override": 0.01786661148071289,
            "5_join": 0.01990818977355957,
            "6_rename": 0.017253637313842773,
            "7_convert": 0.053000688552856445
        },
        "create_final_documents": {
            "overall": 0.035442352294921875,
            "0_rename": 0.017707109451293945
        }
    }
}