{
    "total_runtime": 286.1629250049591,
    "num_documents": 275,
    "input_load_time": 0,
    "workflows": {
        "create_base_text_units": {
            "overall": 0.33135390281677246,
            "0_orderby": 0.0027086734771728516,
            "1_zip": 0.002742290496826172,
            "2_aggregate_override": 0.008540868759155273,
            "3_chunk": 0.2843303680419922,
            "4_select": 0.0027456283569335938,
            "5_unroll": 0.003237009048461914,
            "6_rename": 0.002220630645751953,
            "7_genid": 0.0072290897369384766,
            "8_unzip": 0.002905130386352539,
            "9_copy": 0.002411365509033203,
            "10_filter": 0.009789466857910156
        },
        "create_base_extracted_entities": {
            "overall": 100.57405209541321,
            "0_entity_extract": 100.16852188110352,
            "1_snapshot": 0.03367280960083008,
            "2_merge_graphs": 0.3571968078613281,
            "3_snapshot_rows": 0.007656097412109375
        },
        "create_summarized_entities": {
            "overall": 21.058650493621826,
            "0_summarize_descriptions": 21.040724754333496,
            "1_snapshot_rows": 0.009254217147827148
        },
        "create_base_entity_graph": {
            "overall": 11.607035875320435,
            "0_cluster_graph": 0.9049029350280762,
            "1_snapshot_rows": 0.026414155960083008,
            "2_embed_graph": 10.632921695709229,
            "3_snapshot_rows": 0.03262472152709961,
            "4_select": 0.0057468414306640625
        },
        "create_final_entities": {
            "overall": 2.4189443588256836,
            "0_unpack_graph": 0.27105236053466797,
            "1_rename": 0.0059549808502197266,
            "2_select": 0.0052874088287353516,
            "3_dedupe": 0.005708932876586914,
            "4_rename": 0.0051059722900390625,
            "5_filter": 0.019037723541259766,
            "6_text_split": 0.014045238494873047,
            "7_drop": 0.005659341812133789,
            "8_merge": 0.08973836898803711,
            "9_text_embed": 1.964534044265747,
            "10_drop": 0.006506204605102539,
            "11_filter": 0.01982879638671875
        },
        "create_final_nodes": {
            "overall": 18.111949920654297,
            "0_layout_graph": 16.375959157943726,
            "1_unpack_graph": 0.7688479423522949,
            "2_unpack_graph": 0.7937545776367188,
            "3_filter": 0.05571866035461426,
            "4_drop": 0.009256124496459961,
            "5_select": 0.008522987365722656,
            "6_snapshot": 0.01304173469543457,
            "7_rename": 0.0192873477935791,
            "8_convert": 0.036595821380615234,
            "9_join": 0.015094995498657227,
            "10_rename": 0.008314371109008789
        },
        "create_final_communities": {
            "overall": 2.262791395187378,
            "0_unpack_graph": 0.3787095546722412,
            "1_unpack_graph": 0.7033557891845703,
            "2_aggregate_override": 0.014097452163696289,
            "3_join": 0.04782819747924805,
            "4_join": 0.052761077880859375,
            "5_concat": 0.014819145202636719,
            "6_filter": 0.8842415809631348,
            "7_aggregate_override": 0.04040336608886719,
            "8_join": 0.016512155532836914,
            "9_filter": 0.030689477920532227,
            "10_fill": 0.011732816696166992,
            "11_merge": 0.030960559844970703,
            "12_copy": 0.011930227279663086,
            "13_select": 0.012076139450073242
        },
        "join_text_units_to_entity_ids": {
            "overall": 0.06961560249328613,
            "0_select": 0.012754440307617188,
            "1_unroll": 0.015122413635253906,
            "2_aggregate_override": 0.022004127502441406
        },
        "create_final_relationships": {
            "overall": 0.7518587112426758,
            "0_unpack_graph": 0.4925422668457031,
            "1_filter": 0.0558931827545166,
            "2_rename": 0.013503789901733398,
            "3_filter": 0.08009481430053711,
            "4_drop": 0.01445150375366211,
            "5_compute_edge_combined_degree": 0.017818689346313477,
            "6_convert": 0.028857707977294922,
            "7_convert": 0.015691518783569336
        },
        "join_text_units_to_relationship_ids": {
            "overall": 0.1300649642944336,
            "0_select": 0.025513887405395508,
            "1_unroll": 0.028935909271240234,
            "2_aggregate_override": 0.03156018257141113,
            "3_select": 0.014512062072753906
        },
        "create_final_community_reports": {
            "overall": 120.04740071296692,
            "0_prepare_community_reports_nodes": 0.05631136894226074,
            "1_prepare_community_reports_edges": 0.030113935470581055,
            "2_restore_community_hierarchy": 0.03063797950744629,
            "3_prepare_community_reports": 0.8080461025238037,
            "4_create_community_reports": 119.0553879737854,
            "5_window": 0.01711273193359375
        },
        "create_final_text_units": {
            "overall": 0.10429668426513672,
            "0_select": 0.012850046157836914,
            "1_rename": 0.013519763946533203,
            "2_join": 0.018485069274902344,
            "3_join": 0.017863035202026367,
            "4_aggregate_override": 0.014729976654052734,
            "5_select": 0.013388872146606445
        },
        "create_base_documents": {
            "overall": 0.17738580703735352,
            "0_unroll": 0.016022205352783203,
            "1_select": 0.016028642654418945,
            "2_rename": 0.015124320983886719,
            "3_join": 0.0171356201171875,
            "4_aggregate_override": 0.01759648323059082,
            "5_join": 0.019783973693847656,
            "6_rename": 0.015839815139770508,
            "7_convert": 0.0458674430847168
        },
        "create_final_documents": {
            "overall": 0.033803701400756836,
            "0_rename": 0.01705765724182129
        }
    }
}