{
    "total_runtime": 74.01212859153748,
    "num_documents": 2,
    "input_load_time": 0,
    "workflows": {
        "create_base_text_units": {
            "overall": 0.17198681831359863,
            "0_orderby": 0.0018608570098876953,
            "1_zip": 0.002201080322265625,
            "2_aggregate_override": 0.003537893295288086,
            "3_chunk": 0.13572263717651367,
            "4_select": 0.0027065277099609375,
            "5_unroll": 0.003429889678955078,
            "6_rename": 0.0026197433471679688,
            "7_genid": 0.0027930736541748047,
            "8_unzip": 0.0032806396484375,
            "9_copy": 0.0028383731842041016,
            "10_filter": 0.009205102920532227
        },
        "create_base_extracted_entities": {
            "overall": 49.32293725013733,
            "0_entity_extract": 49.28890347480774,
            "1_snapshot": 0.008661746978759766,
            "2_merge_graphs": 0.012897968292236328,
            "3_snapshot_rows": 0.009045600891113281
        },
        "create_summarized_entities": {
            "overall": 2.07806396484375,
            "0_summarize_descriptions": 2.068235158920288,
            "1_snapshot_rows": 0.005663633346557617
        },
        "create_base_entity_graph": {
            "overall": 0.07735896110534668,
            "0_cluster_graph": 0.010855674743652344,
            "1_snapshot_rows": 0.005394697189331055,
            "2_embed_graph": 0.04261374473571777,
            "3_snapshot_rows": 0.006062984466552734,
            "4_select": 0.007885217666625977
        },
        "create_final_entities": {
            "overall": 0.5841286182403564,
            "0_unpack_graph": 0.006667613983154297,
            "1_rename": 0.0056498050689697266,
            "2_select": 0.005798816680908203,
            "3_dedupe": 0.006003141403198242,
            "4_rename": 0.005990028381347656,
            "5_filter": 0.01469564437866211,
            "6_text_split": 0.006720542907714844,
            "7_drop": 0.00650787353515625,
            "8_merge": 0.009042024612426758,
            "9_text_embed": 0.4872281551361084,
            "10_drop": 0.007164716720581055,
            "11_filter": 0.016843557357788086
        },
        "create_final_nodes": {
            "overall": 3.7654387950897217,
            "0_layout_graph": 3.6380813121795654,
            "1_unpack_graph": 0.009090662002563477,
            "2_unpack_graph": 0.00937652587890625,
            "3_filter": 0.01818227767944336,
            "4_drop": 0.008155584335327148,
            "5_select": 0.008319616317749023,
            "6_snapshot": 0.009083271026611328,
            "7_rename": 0.008566141128540039,
            "8_join": 0.01219487190246582,
            "9_convert": 0.027906417846679688,
            "10_rename": 0.008945226669311523
        },
        "create_final_communities": {
            "overall": 0.19254279136657715,
            "0_unpack_graph": 0.010184764862060547,
            "1_unpack_graph": 0.010375261306762695,
            "2_aggregate_override": 0.010845184326171875,
            "3_join": 0.013099908828735352,
            "4_join": 0.012984275817871094,
            "5_concat": 0.00987386703491211,
            "6_filter": 0.022700786590576172,
            "7_aggregate_override": 0.01180410385131836,
            "8_join": 0.013325691223144531,
            "9_filter": 0.023520708084106445,
            "10_fill": 0.01076507568359375,
            "11_merge": 0.011395692825317383,
            "12_copy": 0.011108636856079102,
            "13_select": 0.011117219924926758
        },
        "join_text_units_to_entity_ids": {
            "overall": 0.0480806827545166,
            "0_select": 0.01141810417175293,
            "1_unroll": 0.012519598007202148,
            "2_aggregate_override": 0.012868642807006836
        },
        "create_final_relationships": {
            "overall": 0.15691804885864258,
            "0_unpack_graph": 0.01324009895324707,
            "1_filter": 0.026401996612548828,
            "2_rename": 0.012241363525390625,
            "3_filter": 0.026668787002563477,
            "4_drop": 0.012606382369995117,
            "5_compute_edge_combined_degree": 0.014799833297729492,
            "6_convert": 0.025980234146118164,
            "7_convert": 0.013030767440795898
        },
        "join_text_units_to_relationship_ids": {
            "overall": 0.06945371627807617,
            "0_select": 0.013350248336791992,
            "1_unroll": 0.014221429824829102,
            "2_aggregate_override": 0.014818191528320312,
            "3_select": 0.013882637023925781
        },
        "create_final_community_reports": {
            "overall": 14.70646619796753,
            "0_prepare_community_reports_nodes": 0.01484060287475586,
            "1_prepare_community_reports_edges": 0.014898538589477539,
            "2_restore_community_hierarchy": 0.016323089599609375,
            "3_prepare_community_reports": 0.027981042861938477,
            "4_create_community_reports": 14.601685523986816,
            "5_window": 0.01576828956604004
        },
        "create_final_text_units": {
            "overall": 0.11722302436828613,
            "0_select": 0.015169620513916016,
            "1_rename": 0.015366077423095703,
            "2_join": 0.018406152725219727,
            "3_join": 0.019797801971435547,
            "4_aggregate_override": 0.017399311065673828,
            "5_select": 0.015980958938598633
        },
        "create_base_documents": {
            "overall": 0.19347047805786133,
            "0_unroll": 0.017303943634033203,
            "1_select": 0.016610145568847656,
            "2_rename": 0.01670074462890625,
            "3_join": 0.01928877830505371,
            "4_aggregate_override": 0.017810344696044922,
            "5_join": 0.019640684127807617,
            "6_rename": 0.01716470718383789,
            "7_convert": 0.05263566970825195
        },
        "create_final_documents": {
            "overall": 0.035173892974853516,
            "0_rename": 0.017517566680908203
        }
    }
}