{"id":"b45241d70f0e43fca764df95b2b81f77","x":20.3609867096,"y":8.0659046173}
{"id":"4119fd06010c494caa07f439b333f4c5","x":20.0670375824,"y":8.9631624222}
{"id":"d3835bf3dda84ead99deadbeac5d0d7d","x":10.6593370438,"y":8.6971635818}
{"id":"077d2820ae1845bcbb1803379a3d1eae","x":9.0889444351,"y":10.1795473099}
{"id":"3671ea0dd4e84c1a9b02c5ab2c8f4bac","x":13.1419506073,"y":7.9977741241}
{"id":"19a7f254a5d64566ab5cc15472df02de","x":11.956193924,"y":8.0327281952}
{"id":"e7ffaee9d31d4d3c96e04f911d0a8f9e","x":12.4334421158,"y":8.8960456848}
{"id":"f7e11b0e297a44a896dc67928368f600","x":9.5328044891,"y":9.3632326126}
{"id":"1fd3fa8bb5a2408790042ab9573779ee","x":11.6682567596,"y":6.9938139915}
{"id":"27f9fbe6ad8c4a8b9acee0d3596ed57c","x":11.6614379883,"y":9.5710096359}
{"id":"e1fd0e904a53409aada44442f23a51cb","x":10.6071853638,"y":9.6395406723}
{"id":"de988724cfdf45cebfba3b13c43ceede","x":10.0198612213,"y":10.5601015091}
{"id":"96aad7cb4b7d40e9b7e13b94a67af206","x":21.9385261536,"y":10.7925424576}
{"id":"c9632a35146940c2a86167c7726d35e9","x":22.3513450623,"y":11.7022123337}
{"id":"9646481f66ce4fd2b08c2eddda42fc82","x":21.3908786774,"y":11.8929281235}
{"id":"d91a266f766b4737a06b0fda588ba40b","x":20.1467494965,"y":10.3953142166}
{"id":"bc0e3f075a4c4ebbb7c7b152b65a5625","x":20.6075496674,"y":11.3499488831}
{"id":"254770028d7a4fa9877da4ba0ad5ad21","x":21.0152816772,"y":9.9812774658}
{"id":"4a67211867e5464ba45126315a122a8a","x":12.626244545,"y":6.9907536507}
{"id":"04dbbb2283b845baaeac0eaf0c34c9da","x":21.0518379211,"y":8.6642427444}
